-- MySQL dump 10.13  Distrib 8.0.41, for Win64 (x86_64)
--
-- Host: 127.0.0.1    Database: huizen_zoeker_db
-- ------------------------------------------------------
-- Server version	8.0.41

/*!40101 SET @OLD_CHARACTER_SET_CLIENT=@@CHARACTER_SET_CLIENT */;
/*!40101 SET @OLD_CHARACTER_SET_RESULTS=@@CHARACTER_SET_RESULTS */;
/*!40101 SET @OLD_COLLATION_CONNECTION=@@COLLATION_CONNECTION */;
/*!50503 SET NAMES utf8mb4 */;
/*!40103 SET @OLD_TIME_ZONE=@@TIME_ZONE */;
/*!40103 SET TIME_ZONE='+00:00' */;
/*!40014 SET @OLD_UNIQUE_CHECKS=@@UNIQUE_CHECKS, UNIQUE_CHECKS=0 */;
/*!40014 SET @OLD_FOREIGN_KEY_CHECKS=@@FOREIGN_KEY_CHECKS, FOREIGN_KEY_CHECKS=0 */;
/*!40101 SET @OLD_SQL_MODE=@@SQL_MODE, SQL_MODE='NO_AUTO_VALUE_ON_ZERO' */;
/*!40111 SET @OLD_SQL_NOTES=@@SQL_NOTES, SQL_NOTES=0 */;

--
-- Table structure for table `alembic_version`
--

DROP TABLE IF EXISTS `alembic_version`;
/*!40101 SET @saved_cs_client     = @@character_set_client */;
/*!50503 SET character_set_client = utf8mb4 */;
CREATE TABLE `alembic_version` (
  `version_num` varchar(32) NOT NULL,
  PRIMARY KEY (`version_num`)
) ENGINE=InnoDB DEFAULT CHARSET=utf8mb4 COLLATE=utf8mb4_0900_ai_ci;
/*!40101 SET character_set_client = @saved_cs_client */;

--
-- Dumping data for table `alembic_version`
--

LOCK TABLES `alembic_version` WRITE;
/*!40000 ALTER TABLE `alembic_version` DISABLE KEYS */;
INSERT INTO `alembic_version` VALUES ('0003');
/*!40000 ALTER TABLE `alembic_version` ENABLE KEYS */;
UNLOCK TABLES;

--
-- Table structure for table `cities`
--

DROP TABLE IF EXISTS `cities`;
/*!40101 SET @saved_cs_client     = @@character_set_client */;
/*!50503 SET character_set_client = utf8mb4 */;
CREATE TABLE `cities` (
  `id` int NOT NULL AUTO_INCREMENT,
  `name` varchar(100) NOT NULL,
  `slug` varchar(100) NOT NULL,
  `enabled` tinyint(1) NOT NULL DEFAULT '1',
  `created_at` datetime NOT NULL,
  PRIMARY KEY (`id`),
  UNIQUE KEY `uq_cities_slug` (`slug`)
) ENGINE=InnoDB AUTO_INCREMENT=5 DEFAULT CHARSET=utf8mb4 COLLATE=utf8mb4_0900_ai_ci;
/*!40101 SET character_set_client = @saved_cs_client */;

--
-- Dumping data for table `cities`
--

LOCK TABLES `cities` WRITE;
/*!40000 ALTER TABLE `cities` DISABLE KEYS */;
INSERT INTO `cities` VALUES (1,'Oss','oss',1,'2026-06-03 21:53:18'),(2,'Berghem','berghem',1,'2026-06-03 21:53:18'),(4,'Schijndel','schijndel',1,'2026-06-03 22:12:52');
/*!40000 ALTER TABLE `cities` ENABLE KEYS */;
UNLOCK TABLES;

--
-- Table structure for table `city_scrapers`
--

DROP TABLE IF EXISTS `city_scrapers`;
/*!40101 SET @saved_cs_client     = @@character_set_client */;
/*!50503 SET character_set_client = utf8mb4 */;
CREATE TABLE `city_scrapers` (
  `id` int NOT NULL AUTO_INCREMENT,
  `city_id` int NOT NULL,
  `scraper_key` varchar(64) NOT NULL,
  `listing_type` varchar(8) NOT NULL,
  `enabled` tinyint(1) NOT NULL DEFAULT '0',
  `custom_url` varchar(1000) DEFAULT NULL,
  PRIMARY KEY (`id`),
  UNIQUE KEY `uq_city_scraper_type` (`city_id`,`scraper_key`,`listing_type`),
  CONSTRAINT `city_scrapers_ibfk_1` FOREIGN KEY (`city_id`) REFERENCES `cities` (`id`) ON DELETE CASCADE
) ENGINE=InnoDB AUTO_INCREMENT=45 DEFAULT CHARSET=utf8mb4 COLLATE=utf8mb4_0900_ai_ci;
/*!40101 SET character_set_client = @saved_cs_client */;

--
-- Dumping data for table `city_scrapers`
--

LOCK TABLES `city_scrapers` WRITE;
/*!40000 ALTER TABLE `city_scrapers` DISABLE KEYS */;
INSERT INTO `city_scrapers` VALUES (1,1,'directwonen','rent',1,NULL),(2,1,'krabben','rent',1,NULL),(3,1,'funda','rent',1,NULL),(4,1,'rncwonen','rent',1,'https://www.rncwonen.nl/aanbod?field_location_taxonomy_target_id%5B%5D=718&field_location_taxonomy_target_id%5B%5D=712&range=10&field_house_type_target_id=All&field_price_deci_value=5'),(5,1,'easyleasewonen','rent',1,NULL),(6,1,'gapph','rent',1,NULL),(7,1,'deleygraaf','rent',1,NULL),(8,2,'directwonen','rent',1,NULL),(9,2,'funda','rent',1,NULL),(10,2,'rncwonen','rent',0,NULL),(22,2,'directwonen','buy',0,NULL),(23,2,'krabben','buy',0,NULL),(24,2,'krabben','rent',0,NULL),(25,2,'funda','buy',0,NULL),(26,2,'easyleasewonen','rent',0,NULL),(27,2,'gapph','rent',0,NULL),(28,2,'deleygraaf','buy',0,NULL),(29,2,'deleygraaf','rent',0,NULL),(30,1,'directwonen','buy',0,NULL),(31,1,'krabben','buy',0,NULL),(32,1,'funda','buy',0,NULL),(33,1,'deleygraaf','buy',0,NULL),(34,4,'directwonen','buy',0,NULL),(35,4,'directwonen','rent',1,NULL),(36,4,'krabben','buy',0,NULL),(37,4,'krabben','rent',0,NULL),(38,4,'funda','buy',0,NULL),(39,4,'funda','rent',0,NULL),(40,4,'rncwonen','rent',0,NULL),(41,4,'easyleasewonen','rent',0,NULL),(42,4,'gapph','rent',0,NULL),(43,4,'deleygraaf','buy',0,NULL),(44,4,'deleygraaf','rent',0,NULL);
/*!40000 ALTER TABLE `city_scrapers` ENABLE KEYS */;
UNLOCK TABLES;

--
-- Table structure for table `email_recipients`
--

DROP TABLE IF EXISTS `email_recipients`;
/*!40101 SET @saved_cs_client     = @@character_set_client */;
/*!50503 SET character_set_client = utf8mb4 */;
CREATE TABLE `email_recipients` (
  `id` int NOT NULL AUTO_INCREMENT,
  `email` varchar(255) NOT NULL,
  `created_at` datetime NOT NULL,
  `wants_rent` tinyint(1) NOT NULL DEFAULT '1',
  `max_rent_cents` int DEFAULT NULL,
  `wants_buy` tinyint(1) NOT NULL DEFAULT '0',
  `max_buy_cents` int DEFAULT NULL,
  PRIMARY KEY (`id`),
  UNIQUE KEY `uq_email_recipients_email` (`email`)
) ENGINE=InnoDB AUTO_INCREMENT=3 DEFAULT CHARSET=utf8mb4 COLLATE=utf8mb4_0900_ai_ci;
/*!40101 SET character_set_client = @saved_cs_client */;

--
-- Dumping data for table `email_recipients`
--

LOCK TABLES `email_recipients` WRITE;
/*!40000 ALTER TABLE `email_recipients` DISABLE KEYS */;
INSERT INTO `email_recipients` VALUES (1,'vanderpasmilo@gmail.com','2026-05-04 21:48:05',1,150000,0,NULL);
/*!40000 ALTER TABLE `email_recipients` ENABLE KEYS */;
UNLOCK TABLES;

--
-- Table structure for table `houses`
--

DROP TABLE IF EXISTS `houses`;
/*!40101 SET @saved_cs_client     = @@character_set_client */;
/*!50503 SET character_set_client = utf8mb4 */;
CREATE TABLE `houses` (
  `id` bigint NOT NULL AUTO_INCREMENT,
  `address_raw` varchar(500) NOT NULL,
  `address_normalized` varchar(500) NOT NULL,
  `city` varchar(100) DEFAULT NULL,
  `price_cents` int DEFAULT NULL,
  `source` varchar(64) NOT NULL,
  `source_url` varchar(1000) NOT NULL,
  `raw_title` varchar(500) DEFAULT NULL,
  `first_seen` datetime NOT NULL,
  `last_seen` datetime NOT NULL,
  `listing_type` varchar(8) NOT NULL,
  PRIMARY KEY (`id`),
  KEY `ix_houses_address_normalized` (`address_normalized`),
  KEY `ix_houses_first_seen` (`first_seen`),
  KEY `ix_houses_source_url` (`source_url`(255))
) ENGINE=InnoDB AUTO_INCREMENT=98 DEFAULT CHARSET=utf8mb4 COLLATE=utf8mb4_0900_ai_ci;
/*!40101 SET character_set_client = @saved_cs_client */;

--
-- Dumping data for table `houses`
--

LOCK TABLES `houses` WRITE;
/*!40000 ALTER TABLE `houses` DISABLE KEYS */;
INSERT INTO `houses` VALUES (30,'Vossehol, Oss','vossehol oss','Oss',100100,'directwonen-oss','https://directwonen.nl/huurwoningen-huren/oss/vossehol/studio-511031','Studio','2026-05-04 21:03:58','2026-05-19 15:00:43','rent'),(31,'Z. Erf, Oss','z erf oss','Oss',165000,'directwonen-oss','https://directwonen.nl/huurwoningen-huren/oss/zwervend-erf/woning-512808','Woning','2026-05-04 21:03:58','2026-05-22 10:00:50','rent'),(32,'Bessenlaan, Oss','bessenlaan oss','Oss',175000,'directwonen-oss','https://directwonen.nl/huurwoningen-huren/oss/bessenlaan/woning-509488','Woning','2026-05-04 21:03:58','2026-06-03 21:03:08','rent'),(48,'Vossehol 21, Oss','vossehol 21 oss','Oss',100100,'rncwonen','https://www.rncwonen.nl/semi-studio-te-huur-vossehol-21-oss','Vossehol 21','2026-05-04 21:06:31','2026-05-08 15:03:43','rent'),(49,'Bessenlaan, 5345JG Oss','bessenlaan 5345jg oss','Oss',150000,'easyleasewonen','https://www.easyleasewonen.nl/woning/oss-bessenlaan-H104920233','Bessenlaan','2026-05-04 21:06:34','2026-06-03 21:06:05','rent'),(50,'Palmstraat 49, 5342 AN Oss','palmstraat 49 5342 an oss','Oss',175000,'funda-oss','https://www.funda.nl/detail/huur/oss/huis-palmstraat-49/43330403/','Palmstraat 49','2026-05-04 21:45:37','2026-05-14 15:00:56','rent'),(51,'Koningsloper 507, 5348 KS Oss','koningsloper 507 5348 ks oss','Oss',145000,'funda-oss','https://www.funda.nl/detail/huur/oss/appartement-koningsloper-507/43327805/','Koningsloper 507','2026-05-04 21:45:37','2026-05-14 15:00:56','rent'),(52,'Meijer van Leeuwenstraat 52, 5348 JW Oss','meijer van leeuwenstraat 52 5348 jw oss','Oss',115200,'funda-oss','https://www.funda.nl/detail/huur/oss/appartement-meijer-van-leeuwenstraat-52/43337274/','Meijer van Leeuwenstraat 52','2026-05-04 21:45:37','2026-05-14 15:00:56','rent'),(53,'Sibeliuspark 459, 5343 BP Oss','sibeliuspark 459 5343 bp oss','Oss',105200,'funda-oss','https://www.funda.nl/detail/huur/oss/appartement-sibeliuspark-459/89765994/','Sibeliuspark 459','2026-05-04 21:45:37','2026-05-07 18:01:00','rent'),(54,'Sibeliuspark 436, 5343 BP Oss','sibeliuspark 436 5343 bp oss','Oss',105200,'funda-oss','https://www.funda.nl/detail/huur/oss/appartement-sibeliuspark-436/89764907/','Sibeliuspark 436','2026-05-04 21:45:37','2026-05-07 18:01:00','rent'),(55,'Sibeliuspark 335, 5343 BM Oss','sibeliuspark 335 5343 bm oss','Oss',105200,'funda-oss','https://www.funda.nl/detail/huur/oss/appartement-sibeliuspark-335/89758341/','Sibeliuspark 335','2026-05-04 21:45:37','2026-05-07 18:01:00','rent'),(56,'Sibeliuspark 49, 5343 BK Oss','sibeliuspark 49 5343 bk oss','Oss',110000,'funda-oss','https://www.funda.nl/detail/huur/oss/appartement-sibeliuspark-49/89790809/','Sibeliuspark 49','2026-05-04 21:45:37','2026-05-14 15:00:56','rent'),(57,'Emmalaan, 5342 GP Oss','emmalaan 5342 gp oss','Oss',11500,'funda-oss','https://www.funda.nl/detail/huur/oss/parkeergelegenheid-emmalaan/43336214/','Emmalaan','2026-05-04 21:45:37','2026-05-14 15:00:56','rent'),(58,'Opera 32, 5344 CZ Oss','opera 32 5344 cz oss','Oss',126000,'funda-oss','https://www.funda.nl/detail/huur/oss/huis-opera-32/43314807/','Opera 32','2026-05-04 21:45:37','2026-05-14 15:00:56','rent'),(59,'Sibeliuspark 636, 5343 BR Oss','sibeliuspark 636 5343 br oss','Oss',105200,'funda-oss','https://www.funda.nl/detail/huur/oss/appartement-sibeliuspark-636/89501130/','Sibeliuspark 636','2026-05-04 21:45:37','2026-05-07 18:01:00','rent'),(61,'Koningsloper 507, Oss','koningsloper 507 oss','Oss',145000,'krabben','https://www.krabben.nl/wonen/aanbod/oss-koningsloper-507','Koningsloper 507','2026-05-04 21:47:07','2026-05-19 15:00:49','rent'),(62,'Landbouwlaan 32K2, Berghem','landbouwlaan 32k2 berghem','Berghem',182500,'krabben','https://www.krabben.nl/wonen/aanbod/berghem-landbouwlaan-32k2','Landbouwlaan 32K2','2026-05-04 21:47:07','2026-06-03 21:03:10','rent'),(63,'Landbouwlaan 32K5, Berghem','landbouwlaan 32k5 berghem','Berghem',181500,'krabben','https://www.krabben.nl/wonen/aanbod/berghem-landbouwlaan-32k5','Landbouwlaan 32K5','2026-05-04 21:47:07','2026-06-03 21:03:10','rent'),(64,'Landbouwlaan 32K4, Berghem','landbouwlaan 32k4 berghem','Berghem',183000,'krabben','https://www.krabben.nl/wonen/aanbod/berghem-landbouwlaan-32k4','Landbouwlaan 32K4','2026-05-04 21:47:07','2026-06-03 21:03:10','rent'),(65,'Landbouwlaan 32K3, Berghem','landbouwlaan 32k3 berghem','Berghem',144000,'krabben','https://www.krabben.nl/wonen/aanbod/berghem-landbouwlaan-32k3','Landbouwlaan 32K3','2026-05-04 21:47:07','2026-05-08 15:00:50','rent'),(66,'Landbouwlaan 32K1, Berghem','landbouwlaan 32k1 berghem','Berghem',163000,'krabben','https://www.krabben.nl/wonen/aanbod/berghem-landbouwlaan-32k1','Landbouwlaan 32K1','2026-05-04 21:47:07','2026-06-03 21:03:10','rent'),(68,'Meijer van Leeuwenstraat 52, Oss','meijer van leeuwenstraat 52 oss','Oss',115200,'krabben','https://www.krabben.nl/wonen/aanbod/oss-meijer-van-leeuwenstraat-52','Meijer van Leeuwenstraat 52','2026-05-04 21:54:44','2026-05-05 15:00:36','rent'),(69,'Landbouwlaan 32-K3, 5351 LA Berghem','landbouwlaan 32 k3 5351 la berghem','Berghem',144000,'funda-berghem','https://www.funda.nl/en/detail/huur/berghem/appartement-landbouwlaan-32-k3/43306470/','Landbouwlaan 32-K3','2026-05-05 10:01:17','2026-05-07 18:01:14','rent'),(70,'Landbouwlaan 32-K2, 5351 LA Berghem','landbouwlaan 32 k2 5351 la berghem','Berghem',182500,'funda-berghem','https://www.funda.nl/en/detail/huur/berghem/appartement-landbouwlaan-32-k2/43306475/','Landbouwlaan 32-K2','2026-05-05 10:01:17','2026-05-07 18:01:14','rent'),(71,'Landbouwlaan 32-K4, 5351 LA Berghem','landbouwlaan 32 k4 5351 la berghem','Berghem',183000,'funda-berghem','https://www.funda.nl/en/detail/huur/berghem/appartement-landbouwlaan-32-k4/43306486/','Landbouwlaan 32-K4','2026-05-05 10:01:17','2026-05-07 18:01:14','rent'),(72,'Landbouwlaan 32-K1, 5351 LA Berghem','landbouwlaan 32 k1 5351 la berghem','Berghem',163000,'funda-berghem','https://www.funda.nl/en/detail/huur/berghem/appartement-landbouwlaan-32-k1/43306461/','Landbouwlaan 32-K1','2026-05-05 10:01:17','2026-05-07 18:01:14','rent'),(73,'Landbouwlaan 32-K5, 5351 LA Berghem','landbouwlaan 32 k5 5351 la berghem','Berghem',181500,'funda-berghem','https://www.funda.nl/en/detail/huur/berghem/appartement-landbouwlaan-32-k5/43306487/','Landbouwlaan 32-K5','2026-05-05 10:01:17','2026-05-07 18:01:14','rent'),(74,'Tijdelijke huurwoning, Oss','tijdelijke huurwoning oss','Oss',49500,'gapph','https://www.gapph.nl/woonruimte/tijdelijk-huren/oss/1231','Tijdelijke huurwoning','2026-05-06 10:03:28','2026-05-07 17:42:30','rent'),(75,'Tijdelijke huurwoning, Oss','tijdelijke huurwoning oss','Oss',49500,'gapph','https://www.gapph.nl/woonruimte/woonruimte/tijdelijk-huren/oss/1231','Tijdelijke huurwoning','2026-05-07 18:02:16','2026-05-08 15:03:48','rent'),(76,'Walplein 15 A, 5341 EC Oss','walplein 15 a 5341 ec oss','Oss',113165,'deleygraaf','https://www.makelaardijdeleygraaf.nl/aanbod/woningaanbod/oss/huur/huis-10246692-Walplein-15A/','Walplein 15 A','2026-05-08 15:03:51','2026-06-03 21:06:08','rent'),(77,'Vossehol, Oss','vossehol oss','Oss',100700,'directwonen-oss','https://directwonen.nl/premiumaccountpayment?ip=4&returnUrl=https%3A%2F%2Fdirectwonen.nl%2Fhuurwoningen-huren%2Foss%2Fvossehol%2Fstudio-514742&entityId=514742','Studio','2026-05-14 14:13:37','2026-05-16 15:00:21','rent'),(78,'Walplein, Oss','walplein oss','Oss',113200,'directwonen-oss','https://directwonen.nl/premiumaccountpayment?ip=4&returnUrl=https%3A%2F%2Fdirectwonen.nl%2Fhuurwoningen-huren%2Foss%2Fwalplein%2Fappartement-514643&entityId=514643','Appartement','2026-05-14 14:13:37','2026-05-15 15:00:41','rent'),(79,'Havikstraat, Oss','havikstraat oss','Oss',79500,'directwonen-oss','https://directwonen.nl/premiumaccountpayment?ip=4&returnUrl=https%3A%2F%2Fdirectwonen.nl%2Fhuurwoningen-huren%2Foss%2Fhavikstraat%2Fstudio-514615&entityId=514615','Studio','2026-05-14 14:13:37','2026-05-14 15:00:29','rent'),(80,'Vossehol 3, Oss','vossehol 3 oss','Oss',100700,'rncwonen','https://www.rncwonen.nl/vossehol-21-3-oss','Vossehol 3','2026-05-14 14:16:51','2026-06-03 21:06:02','rent'),(81,'Havikstraat 4, Oss','havikstraat 4 oss','Oss',79500,'rncwonen','https://www.rncwonen.nl/havikstraat-54-4-oss','Havikstraat 4','2026-05-14 14:16:51','2026-06-02 07:34:27','rent'),(82,'Carmelietenstraat 27, 5341 EG Oss','carmelietenstraat 27 5341 eg oss','Oss',225000,'deleygraaf','https://www.makelaardijdeleygraaf.nl/aanbod/woningaanbod/oss/huur/huis-10265230-Carmelietenstraat-27/','Carmelietenstraat 27','2026-05-14 14:17:06','2026-06-03 21:06:08','rent'),(83,'Havikstraat, Oss','havikstraat oss','Oss',79500,'directwonen-oss','https://directwonen.nl/huurwoningen-huren/oss/havikstraat/studio-514615','Studio','2026-05-14 18:00:14','2026-06-03 21:03:08','rent'),(84,'Walplein, Oss','walplein oss','Oss',113200,'directwonen-oss','https://directwonen.nl/huurwoningen-huren/oss/walplein/appartement-514643','Appartement','2026-05-15 18:00:12','2026-06-02 15:04:09','rent'),(85,'Carmelietenstraat, Oss','carmelietenstraat oss','Oss',225000,'directwonen-oss','https://directwonen.nl/premiumaccountpayment?ip=4&returnUrl=https%3A%2F%2Fdirectwonen.nl%2Fhuurwoningen-huren%2Foss%2Fcarmelietenstraat%2Fappartement-514891&entityId=514891','Appartement','2026-05-16 15:00:13','2026-05-18 18:08:43','rent'),(86,'Vossehol, Oss','vossehol oss','Oss',100700,'directwonen-oss','https://directwonen.nl/huurwoningen-huren/oss/vossehol/studio-514742','Studio','2026-05-16 18:00:15','2026-06-03 21:03:08','rent'),(87,'Antikraakwoning, Oss','antikraakwoning oss','Oss',10600,'gapph','https://www.gapph.nl/woonruimte/woonruimte/antikraak/oss/1605','Antikraakwoning','2026-05-18 18:11:54','2026-05-22 10:03:55','rent'),(88,'Carmelietenstraat, Oss','carmelietenstraat oss','Oss',225000,'directwonen-oss','https://directwonen.nl/huurwoningen-huren/oss/carmelietenstraat/appartement-514891','Appartement','2026-05-19 15:00:38','2026-06-03 21:03:08','rent'),(89,'Arena 36, Oss','arena 36 oss','Oss',150000,'krabben','https://www.krabben.nl/wonen/aanbod/oss-arena-36','Arena 36','2026-05-22 10:00:55','2026-06-03 21:03:10','rent'),(90,'Hooghuisstraat 01, Oss','hooghuisstraat 01 oss','Oss',94500,'rncwonen','https://www.rncwonen.nl/semi-studio-hooghuisstraat-25a-01-oss','Hooghuisstraat 01','2026-05-27 10:03:25','2026-06-03 21:06:02','rent'),(91,'Carmelietenstraat, Oss','carmelietenstraat oss','Oss',425000,'directwonen-oss','https://directwonen.nl/premiumaccountpayment?ip=4&returnUrl=https%3A%2F%2Fdirectwonen.nl%2Fhuurwoningen-huren%2Foss%2Fcarmelietenstraat%2Fappartement-515354&entityId=515354','Appartement','2026-05-27 15:00:37','2026-05-30 10:00:45','rent'),(92,'Hooghuisstraat, Oss','hooghuisstraat oss','Oss',94500,'directwonen-oss','https://directwonen.nl/premiumaccountpayment?ip=4&returnUrl=https%3A%2F%2Fdirectwonen.nl%2Fhuurwoningen-huren%2Foss%2Fhooghuisstraat%2Fstudio-515337&entityId=515337','Studio','2026-05-27 15:00:37','2026-05-30 10:00:45','rent'),(93,'Hooghuisstraat 18H, Oss','hooghuisstraat 18h oss','Oss',100000,'krabben','https://www.krabben.nl/wonen/aanbod/oss-hooghuisstraat-18h','Hooghuisstraat 18H','2026-05-28 10:01:28','2026-05-31 18:00:28','rent'),(94,'Carmelietenstraat, Oss','carmelietenstraat oss','Oss',425000,'directwonen-oss','https://directwonen.nl/huurwoningen-huren/oss/carmelietenstraat/appartement-515354','Appartement','2026-05-30 15:00:13','2026-06-03 21:03:08','rent'),(95,'Hooghuisstraat, Oss','hooghuisstraat oss','Oss',94500,'directwonen-oss','https://directwonen.nl/huurwoningen-huren/oss/hooghuisstraat/studio-515337','Studio','2026-05-30 15:00:13','2026-06-03 21:03:08','rent'),(96,'Brabantstraat 4, Oss','brabantstraat 4 oss','Oss',80000,'rncwonen','https://www.rncwonen.nl/brabantstraat-45-4-oss','Brabantstraat 4','2026-06-02 15:07:20','2026-06-03 21:06:02','rent'),(97,'Brabantstraat, Oss','brabantstraat oss','Oss',80000,'directwonen-oss','https://directwonen.nl/premiumaccountpayment?ip=4&returnUrl=https%3A%2F%2Fdirectwonen.nl%2Fhuurwoningen-huren%2Foss%2Fbrabantstraat%2Fstudio-515739&entityId=515739','Studio','2026-06-03 15:00:38','2026-06-03 21:03:08','rent');
/*!40000 ALTER TABLE `houses` ENABLE KEYS */;
UNLOCK TABLES;

--
-- Table structure for table `notifications`
--

DROP TABLE IF EXISTS `notifications`;
/*!40101 SET @saved_cs_client     = @@character_set_client */;
/*!50503 SET character_set_client = utf8mb4 */;
CREATE TABLE `notifications` (
  `house_id` bigint NOT NULL,
  `recipient_id` int NOT NULL,
  `sent_at` datetime NOT NULL,
  PRIMARY KEY (`house_id`,`recipient_id`),
  KEY `recipient_id` (`recipient_id`),
  CONSTRAINT `notifications_ibfk_1` FOREIGN KEY (`house_id`) REFERENCES `houses` (`id`) ON DELETE CASCADE,
  CONSTRAINT `notifications_ibfk_2` FOREIGN KEY (`recipient_id`) REFERENCES `email_recipients` (`id`) ON DELETE CASCADE
) ENGINE=InnoDB DEFAULT CHARSET=utf8mb4 COLLATE=utf8mb4_0900_ai_ci;
/*!40101 SET character_set_client = @saved_cs_client */;

--
-- Dumping data for table `notifications`
--

LOCK TABLES `notifications` WRITE;
/*!40000 ALTER TABLE `notifications` DISABLE KEYS */;
INSERT INTO `notifications` VALUES (68,1,'2026-06-03 21:53:18'),(69,1,'2026-06-03 21:53:18'),(74,1,'2026-06-03 21:53:18'),(75,1,'2026-06-03 21:53:18'),(76,1,'2026-06-03 21:53:18'),(77,1,'2026-06-03 21:53:18'),(78,1,'2026-06-03 21:53:18'),(79,1,'2026-06-03 21:53:18'),(80,1,'2026-06-03 21:53:18'),(81,1,'2026-06-03 21:53:18'),(83,1,'2026-06-03 21:53:18'),(84,1,'2026-06-03 21:53:18'),(86,1,'2026-06-03 21:53:18'),(87,1,'2026-06-03 21:53:18'),(89,1,'2026-06-03 21:53:18'),(90,1,'2026-06-03 21:53:18'),(92,1,'2026-06-03 21:53:18'),(93,1,'2026-06-03 21:53:18'),(95,1,'2026-06-03 21:53:18'),(96,1,'2026-06-03 21:53:18'),(97,1,'2026-06-03 21:53:18');
/*!40000 ALTER TABLE `notifications` ENABLE KEYS */;
UNLOCK TABLES;

--
-- Table structure for table `recipient_cities`
--

DROP TABLE IF EXISTS `recipient_cities`;
/*!40101 SET @saved_cs_client     = @@character_set_client */;
/*!50503 SET character_set_client = utf8mb4 */;
CREATE TABLE `recipient_cities` (
  `recipient_id` int NOT NULL,
  `city_id` int NOT NULL,
  PRIMARY KEY (`recipient_id`,`city_id`),
  KEY `city_id` (`city_id`),
  CONSTRAINT `recipient_cities_ibfk_1` FOREIGN KEY (`recipient_id`) REFERENCES `email_recipients` (`id`) ON DELETE CASCADE,
  CONSTRAINT `recipient_cities_ibfk_2` FOREIGN KEY (`city_id`) REFERENCES `cities` (`id`) ON DELETE CASCADE
) ENGINE=InnoDB DEFAULT CHARSET=utf8mb4 COLLATE=utf8mb4_0900_ai_ci;
/*!40101 SET character_set_client = @saved_cs_client */;

--
-- Dumping data for table `recipient_cities`
--

LOCK TABLES `recipient_cities` WRITE;
/*!40000 ALTER TABLE `recipient_cities` DISABLE KEYS */;
INSERT INTO `recipient_cities` VALUES (1,1),(1,2);
/*!40000 ALTER TABLE `recipient_cities` ENABLE KEYS */;
UNLOCK TABLES;

--
-- Table structure for table `scrape_runs`
--

DROP TABLE IF EXISTS `scrape_runs`;
/*!40101 SET @saved_cs_client     = @@character_set_client */;
/*!50503 SET character_set_client = utf8mb4 */;
CREATE TABLE `scrape_runs` (
  `id` bigint NOT NULL AUTO_INCREMENT,
  `source` varchar(64) NOT NULL,
  `started_at` datetime NOT NULL,
  `finished_at` datetime DEFAULT NULL,
  `status` varchar(16) NOT NULL DEFAULT 'running',
  `listings_found` int NOT NULL DEFAULT '0',
  `new_listings` int NOT NULL DEFAULT '0',
  `error_message` text,
  `city` varchar(100) DEFAULT NULL,
  `listing_type` varchar(8) DEFAULT NULL,
  PRIMARY KEY (`id`),
  KEY `ix_scrape_runs_started_at` (`started_at`)
) ENGINE=InnoDB AUTO_INCREMENT=599 DEFAULT CHARSET=utf8mb4 COLLATE=utf8mb4_0900_ai_ci;
/*!40101 SET character_set_client = @saved_cs_client */;

--
-- Dumping data for table `scrape_runs`
--

LOCK TABLES `scrape_runs` WRITE;
/*!40000 ALTER TABLE `scrape_runs` DISABLE KEYS */;
INSERT INTO `scrape_runs` VALUES (1,'directwonen-oss','2026-05-04 20:39:17','2026-05-04 20:39:28','ok',0,0,NULL,NULL,NULL),(2,'directwonen-berghem','2026-05-04 20:39:28','2026-05-04 20:39:33','ok',0,0,NULL,NULL,NULL),(3,'krabben','2026-05-04 20:39:33','2026-05-04 20:39:37','ok',33,29,NULL,NULL,NULL),(4,'funda-oss','2026-05-04 20:39:37','2026-05-04 20:40:23','ok',0,0,NULL,NULL,NULL),(5,'funda-berghem','2026-05-04 20:40:23','2026-05-04 20:40:30','failed',0,0,'Page.content: Target page, context or browser has been closed',NULL,NULL),(6,'funda-digimakelaars','2026-05-04 20:40:30','2026-05-04 20:40:30','failed',0,0,'\'PlaywrightContextManager\' object has no attribute \'_playwright\'',NULL,NULL),(7,'rncwonen','2026-05-04 20:40:30','2026-05-04 20:40:31','failed',0,0,'BrowserType.launch: Connection closed while reading from the driver',NULL,NULL),(8,'easyleasewonen','2026-05-04 20:40:31','2026-05-04 20:40:31','failed',0,0,'\'PlaywrightContextManager\' object has no attribute \'_playwright\'',NULL,NULL),(9,'gapph','2026-05-04 20:40:31','2026-05-04 20:40:31','failed',0,0,'\'PlaywrightContextManager\' object has no attribute \'_playwright\'',NULL,NULL),(10,'deleygraaf','2026-05-04 20:40:31','2026-05-04 20:40:32','failed',0,0,'Page.goto: net::ERR_ABORTED at https://www.makelaardijdeleygraaf.nl/aanbod/woningaanbod/OSS/+10km/huur/\nCall log:\n  - navigating to \"https://www.makelaardijdeleygraaf.nl/aanbod/woningaanbod/OSS/+10km/huur/\", waiting until \"domcontentloaded\"\n',NULL,NULL),(11,'directwonen-oss','2026-05-04 21:03:50','2026-05-04 21:03:58','ok',3,3,NULL,NULL,NULL),(12,'directwonen-berghem','2026-05-04 21:03:58','2026-05-04 21:04:04','ok',3,0,NULL,NULL,NULL),(13,'krabben','2026-05-04 21:04:04','2026-05-04 21:04:12','ok',15,15,NULL,NULL,NULL),(14,'funda-oss','2026-05-04 21:04:12','2026-05-04 21:04:57','ok',0,0,NULL,NULL,NULL),(15,'funda-berghem','2026-05-04 21:04:57','2026-05-04 21:05:43','ok',0,0,NULL,NULL,NULL),(16,'funda-digimakelaars','2026-05-04 21:05:43','2026-05-04 21:06:29','ok',0,0,NULL,NULL,NULL),(17,'rncwonen','2026-05-04 21:06:29','2026-05-04 21:06:31','ok',4,1,NULL,NULL,NULL),(18,'easyleasewonen','2026-05-04 21:06:31','2026-05-04 21:06:34','ok',1,1,NULL,NULL,NULL),(19,'gapph','2026-05-04 21:06:34','2026-05-04 21:06:36','ok',1,0,NULL,NULL,NULL),(20,'deleygraaf','2026-05-04 21:06:36','2026-05-04 21:06:38','ok',0,0,NULL,NULL,NULL),(21,'funda-oss','2026-05-04 21:13:17','2026-05-04 21:14:18','ok',0,0,NULL,NULL,NULL),(22,'funda-oss','2026-05-04 21:41:21','2026-05-04 21:41:42','failed',0,0,'Page.title: Target page, context or browser has been closed',NULL,NULL),(23,'funda-oss','2026-05-04 21:42:05','2026-05-04 21:43:01','ok',0,0,NULL,NULL,NULL),(24,'funda-oss','2026-05-04 21:45:13','2026-05-04 21:45:37','ok',10,10,NULL,NULL,NULL),(25,'krabben','2026-05-04 21:47:05','2026-05-04 21:47:07','ok',7,7,NULL,NULL,NULL),(26,'krabben','2026-05-04 21:48:23','2026-05-04 21:48:57','ok',7,1,NULL,NULL,NULL),(27,'krabben','2026-05-04 21:54:41','2026-05-04 21:54:45','ok',7,1,NULL,NULL,NULL),(28,'directwonen-oss','2026-05-05 10:00:01','2026-05-05 10:00:20','ok',3,0,NULL,NULL,NULL),(29,'directwonen-berghem','2026-05-05 10:00:20','2026-05-05 10:00:27','ok',3,0,NULL,NULL,NULL),(30,'krabben','2026-05-05 10:00:27','2026-05-05 10:00:32','ok',7,0,NULL,NULL,NULL),(31,'funda-oss','2026-05-05 10:00:32','2026-05-05 10:00:55','ok',10,0,NULL,NULL,NULL),(32,'funda-berghem','2026-05-05 10:00:55','2026-05-05 10:01:18','ok',5,5,NULL,NULL,NULL),(33,'funda-digimakelaars','2026-05-05 10:01:18','2026-05-05 10:02:15','ok',0,0,NULL,NULL,NULL),(34,'rncwonen','2026-05-05 10:02:15','2026-05-05 10:02:17','ok',4,0,NULL,NULL,NULL),(35,'easyleasewonen','2026-05-05 10:02:17','2026-05-05 10:02:20','ok',1,0,NULL,NULL,NULL),(36,'gapph','2026-05-05 10:02:20','2026-05-05 10:02:22','ok',1,0,NULL,NULL,NULL),(37,'deleygraaf','2026-05-05 10:02:22','2026-05-05 10:02:24','ok',0,0,NULL,NULL,NULL),(38,'directwonen-oss','2026-05-05 13:57:05','2026-05-05 13:57:37','ok',3,0,NULL,NULL,NULL),(39,'directwonen-berghem','2026-05-05 13:57:37','2026-05-05 13:57:52','ok',3,0,NULL,NULL,NULL),(40,'krabben','2026-05-05 13:57:52','2026-05-05 13:57:58','ok',7,0,NULL,NULL,NULL),(41,'funda-oss','2026-05-05 13:57:58','2026-05-05 13:58:56','ok',0,0,NULL,NULL,NULL),(42,'funda-berghem','2026-05-05 13:58:56','2026-05-05 13:59:52','ok',0,0,NULL,NULL,NULL),(43,'funda-digimakelaars','2026-05-05 13:59:52','2026-05-05 14:00:48','ok',0,0,NULL,NULL,NULL),(44,'rncwonen','2026-05-05 14:00:48','2026-05-05 14:00:50','ok',4,0,NULL,NULL,NULL),(45,'easyleasewonen','2026-05-05 14:00:50','2026-05-05 14:00:53','ok',1,0,NULL,NULL,NULL),(46,'gapph','2026-05-05 14:00:53','2026-05-05 14:00:55','ok',1,0,NULL,NULL,NULL),(47,'deleygraaf','2026-05-05 14:00:55','2026-05-05 14:00:58','ok',0,0,NULL,NULL,NULL),(48,'funda-oss','2026-05-05 14:07:05','2026-05-05 14:07:18','ok',10,0,NULL,NULL,NULL),(49,'directwonen-oss','2026-05-05 15:00:00','2026-05-05 15:00:19','ok',3,0,NULL,NULL,NULL),(50,'directwonen-berghem','2026-05-05 15:00:19','2026-05-05 15:00:29','ok',3,0,NULL,NULL,NULL),(51,'krabben','2026-05-05 15:00:29','2026-05-05 15:00:36','ok',7,0,NULL,NULL,NULL),(52,'funda-oss','2026-05-05 15:00:36','2026-05-05 15:01:32','ok',0,0,NULL,NULL,NULL),(53,'funda-berghem','2026-05-05 15:01:32','2026-05-05 15:02:29','ok',0,0,NULL,NULL,NULL),(54,'funda-digimakelaars','2026-05-05 15:02:29','2026-05-05 15:03:25','ok',0,0,NULL,NULL,NULL),(55,'rncwonen','2026-05-05 15:03:25','2026-05-05 15:03:28','ok',4,0,NULL,NULL,NULL),(56,'easyleasewonen','2026-05-05 15:03:28','2026-05-05 15:03:31','ok',1,0,NULL,NULL,NULL),(57,'gapph','2026-05-05 15:03:31','2026-05-05 15:03:33','ok',1,0,NULL,NULL,NULL),(58,'deleygraaf','2026-05-05 15:03:33','2026-05-05 15:03:36','ok',0,0,NULL,NULL,NULL),(59,'directwonen-oss','2026-05-06 10:00:00','2026-05-06 10:00:09','ok',3,0,NULL,NULL,NULL),(60,'directwonen-berghem','2026-05-06 10:00:09','2026-05-06 10:00:16','ok',3,0,NULL,NULL,NULL),(61,'krabben','2026-05-06 10:00:16','2026-05-06 10:00:30','ok',6,0,NULL,NULL,NULL),(62,'funda-oss','2026-05-06 10:00:30','2026-05-06 10:01:26','ok',0,0,NULL,NULL,NULL),(63,'funda-berghem','2026-05-06 10:01:26','2026-05-06 10:02:23','ok',0,0,NULL,NULL,NULL),(64,'funda-digimakelaars','2026-05-06 10:02:23','2026-05-06 10:03:21','ok',0,0,NULL,NULL,NULL),(65,'rncwonen','2026-05-06 10:03:21','2026-05-06 10:03:23','ok',4,0,NULL,NULL,NULL),(66,'easyleasewonen','2026-05-06 10:03:23','2026-05-06 10:03:26','ok',1,0,NULL,NULL,NULL),(67,'gapph','2026-05-06 10:03:26','2026-05-06 10:03:29','ok',2,1,NULL,NULL,NULL),(68,'deleygraaf','2026-05-06 10:03:29','2026-05-06 10:03:31','ok',0,0,NULL,NULL,NULL),(69,'directwonen-oss','2026-05-07 17:40:09','2026-05-07 17:40:38','ok',3,0,NULL,NULL,NULL),(70,'directwonen-berghem','2026-05-07 17:40:38','2026-05-07 17:40:43','ok',3,0,NULL,NULL,NULL),(71,'krabben','2026-05-07 17:40:43','2026-05-07 17:41:00','ok',6,0,NULL,NULL,NULL),(72,'funda-oss','2026-05-07 17:41:00','2026-05-07 17:41:15','ok',10,0,NULL,NULL,NULL),(73,'funda-berghem','2026-05-07 17:41:15','2026-05-07 17:41:27','ok',5,0,NULL,NULL,NULL),(74,'funda-digimakelaars','2026-05-07 17:41:27','2026-05-07 17:42:23','ok',0,0,NULL,NULL,NULL),(75,'rncwonen','2026-05-07 17:42:23','2026-05-07 17:42:26','ok',4,0,NULL,NULL,NULL),(76,'easyleasewonen','2026-05-07 17:42:26','2026-05-07 17:42:28','ok',1,0,NULL,NULL,NULL),(77,'gapph','2026-05-07 17:42:28','2026-05-07 17:42:30','ok',2,0,NULL,NULL,NULL),(78,'deleygraaf','2026-05-07 17:42:30','2026-05-07 17:42:33','ok',0,0,NULL,NULL,NULL),(79,'directwonen-oss','2026-05-07 18:00:00','2026-05-07 18:00:32','ok',3,0,NULL,NULL,NULL),(80,'directwonen-berghem','2026-05-07 18:00:32','2026-05-07 18:00:36','ok',3,0,NULL,NULL,NULL),(81,'krabben','2026-05-07 18:00:36','2026-05-07 18:00:48','ok',6,0,NULL,NULL,NULL),(82,'funda-oss','2026-05-07 18:00:48','2026-05-07 18:01:00','ok',10,0,NULL,NULL,NULL),(83,'funda-berghem','2026-05-07 18:01:00','2026-05-07 18:01:14','ok',5,0,NULL,NULL,NULL),(84,'funda-digimakelaars','2026-05-07 18:01:14','2026-05-07 18:02:10','ok',0,0,NULL,NULL,NULL),(85,'rncwonen','2026-05-07 18:02:10','2026-05-07 18:02:12','ok',4,0,NULL,NULL,NULL),(86,'easyleasewonen','2026-05-07 18:02:12','2026-05-07 18:02:15','ok',1,0,NULL,NULL,NULL),(87,'gapph','2026-05-07 18:02:15','2026-05-07 18:02:18','ok',2,1,NULL,NULL,NULL),(88,'deleygraaf','2026-05-07 18:02:18','2026-05-07 18:02:21','ok',0,0,NULL,NULL,NULL),(89,'directwonen-oss','2026-05-08 15:00:01','2026-05-08 15:00:24','ok',3,0,NULL,NULL,NULL),(90,'directwonen-berghem','2026-05-08 15:00:24','2026-05-08 15:00:30','ok',3,0,NULL,NULL,NULL),(91,'krabben','2026-05-08 15:00:30','2026-05-08 15:00:50','ok',6,0,NULL,NULL,NULL),(92,'funda-oss','2026-05-08 15:00:50','2026-05-08 15:01:47','ok',0,0,NULL,NULL,NULL),(93,'funda-berghem','2026-05-08 15:01:47','2026-05-08 15:02:44','ok',0,0,NULL,NULL,NULL),(94,'funda-digimakelaars','2026-05-08 15:02:44','2026-05-08 15:03:41','ok',0,0,NULL,NULL,NULL),(95,'rncwonen','2026-05-08 15:03:41','2026-05-08 15:03:43','ok',4,0,NULL,NULL,NULL),(96,'easyleasewonen','2026-05-08 15:03:43','2026-05-08 15:03:46','ok',1,0,NULL,NULL,NULL),(97,'gapph','2026-05-08 15:03:46','2026-05-08 15:03:48','ok',3,0,NULL,NULL,NULL),(98,'deleygraaf','2026-05-08 15:03:48','2026-05-08 15:03:53','ok',1,1,NULL,NULL,NULL),(99,'directwonen-oss','2026-05-14 14:13:03','2026-05-14 14:13:41','ok',6,3,NULL,NULL,NULL),(100,'directwonen-berghem','2026-05-14 14:13:41','2026-05-14 14:13:47','ok',6,0,NULL,NULL,NULL),(101,'krabben','2026-05-14 14:13:47','2026-05-14 14:13:57','ok',2,0,NULL,NULL,NULL),(102,'funda-oss','2026-05-14 14:13:57','2026-05-14 14:14:55','ok',0,0,NULL,NULL,NULL),(103,'funda-berghem','2026-05-14 14:14:55','2026-05-14 14:15:51','ok',0,0,NULL,NULL,NULL),(104,'funda-digimakelaars','2026-05-14 14:15:51','2026-05-14 14:16:48','ok',0,0,NULL,NULL,NULL),(105,'rncwonen','2026-05-14 14:16:48','2026-05-14 14:16:54','ok',5,2,NULL,NULL,NULL),(106,'easyleasewonen','2026-05-14 14:16:54','2026-05-14 14:16:57','ok',1,0,NULL,NULL,NULL),(107,'gapph','2026-05-14 14:16:57','2026-05-14 14:17:00','ok',1,0,NULL,NULL,NULL),(108,'deleygraaf','2026-05-14 14:17:00','2026-05-14 14:17:06','ok',2,1,NULL,NULL,NULL),(109,'directwonen-oss','2026-05-14 15:00:00','2026-05-14 15:00:22','ok',6,0,NULL,NULL,NULL),(110,'directwonen-berghem','2026-05-14 15:00:22','2026-05-14 15:00:29','ok',6,0,NULL,NULL,NULL),(111,'krabben','2026-05-14 15:00:29','2026-05-14 15:00:34','ok',2,0,NULL,NULL,NULL),(112,'funda-oss','2026-05-14 15:00:34','2026-05-14 15:00:56','ok',8,0,NULL,NULL,NULL),(113,'funda-berghem','2026-05-14 15:00:56','2026-05-14 15:02:03','ok',0,0,NULL,NULL,NULL),(114,'funda-digimakelaars','2026-05-14 15:02:03','2026-05-14 15:03:01','ok',0,0,NULL,NULL,NULL),(115,'rncwonen','2026-05-14 15:03:01','2026-05-14 15:03:03','ok',5,0,NULL,NULL,NULL),(116,'easyleasewonen','2026-05-14 15:03:03','2026-05-14 15:03:06','ok',1,0,NULL,NULL,NULL),(117,'gapph','2026-05-14 15:03:06','2026-05-14 15:03:09','ok',1,0,NULL,NULL,NULL),(118,'deleygraaf','2026-05-14 15:03:09','2026-05-14 15:03:12','ok',2,0,NULL,NULL,NULL),(119,'directwonen-oss','2026-05-14 18:00:00','2026-05-14 18:00:16','ok',6,1,NULL,NULL,NULL),(120,'directwonen-berghem','2026-05-14 18:00:16','2026-05-14 18:00:24','ok',6,0,NULL,NULL,NULL),(121,'krabben','2026-05-14 18:00:24','2026-05-14 18:00:30','ok',2,0,NULL,NULL,NULL),(122,'funda-oss','2026-05-14 18:00:30','2026-05-14 18:01:26','ok',0,0,NULL,NULL,NULL),(123,'funda-berghem','2026-05-14 18:01:26','2026-05-14 18:02:22','ok',0,0,NULL,NULL,NULL),(124,'funda-digimakelaars','2026-05-14 18:02:22','2026-05-14 18:03:19','ok',0,0,NULL,NULL,NULL),(125,'rncwonen','2026-05-14 18:03:19','2026-05-14 18:03:20','ok',5,0,NULL,NULL,NULL),(126,'easyleasewonen','2026-05-14 18:03:20','2026-05-14 18:03:23','ok',1,0,NULL,NULL,NULL),(127,'gapph','2026-05-14 18:03:23','2026-05-14 18:03:25','ok',1,0,NULL,NULL,NULL),(128,'deleygraaf','2026-05-14 18:03:25','2026-05-14 18:03:28','ok',2,0,NULL,NULL,NULL),(129,'directwonen-oss','2026-05-15 06:59:47','2026-05-15 07:00:24','ok',6,0,NULL,NULL,NULL),(130,'directwonen-oss','2026-05-15 07:00:00','2026-05-15 07:00:24','ok',6,0,NULL,NULL,NULL),(131,'directwonen-berghem','2026-05-15 07:00:24','2026-05-15 07:00:30','ok',6,0,NULL,NULL,NULL),(132,'directwonen-berghem','2026-05-15 07:00:24','2026-05-15 07:00:29','ok',6,0,NULL,NULL,NULL),(133,'krabben','2026-05-15 07:00:29','2026-05-15 07:00:34','ok',2,0,NULL,NULL,NULL),(134,'krabben','2026-05-15 07:00:30','2026-05-15 07:00:35','ok',2,0,NULL,NULL,NULL),(135,'funda-oss','2026-05-15 07:00:34','2026-05-15 07:01:33','ok',0,0,NULL,NULL,NULL),(136,'funda-oss','2026-05-15 07:00:35','2026-05-15 07:01:33','ok',0,0,NULL,NULL,NULL),(137,'funda-berghem','2026-05-15 07:01:33','2026-05-15 07:02:33','ok',0,0,NULL,NULL,NULL),(138,'funda-berghem','2026-05-15 07:01:33','2026-05-15 07:02:33','ok',0,0,NULL,NULL,NULL),(139,'funda-digimakelaars','2026-05-15 07:02:33','2026-05-15 07:03:36','ok',0,0,NULL,NULL,NULL),(140,'funda-digimakelaars','2026-05-15 07:02:33','2026-05-15 07:03:36','ok',0,0,NULL,NULL,NULL),(141,'rncwonen','2026-05-15 07:03:36','2026-05-15 07:03:40','ok',5,0,NULL,NULL,NULL),(142,'rncwonen','2026-05-15 07:03:36','2026-05-15 07:03:40','ok',5,0,NULL,NULL,NULL),(143,'easyleasewonen','2026-05-15 07:03:40','2026-05-15 07:03:45','ok',1,0,NULL,NULL,NULL),(144,'easyleasewonen','2026-05-15 07:03:40','2026-05-15 07:03:45','ok',1,0,NULL,NULL,NULL),(145,'gapph','2026-05-15 07:03:45','2026-05-15 07:03:50','ok',1,0,NULL,NULL,NULL),(146,'gapph','2026-05-15 07:03:45','2026-05-15 07:03:49','ok',1,0,NULL,NULL,NULL),(147,'deleygraaf','2026-05-15 07:03:49','2026-05-15 07:03:54','ok',2,0,NULL,NULL,NULL),(148,'deleygraaf','2026-05-15 07:03:50','2026-05-15 07:03:54','ok',2,0,NULL,NULL,NULL),(149,'directwonen-oss','2026-05-15 10:00:00','2026-05-15 10:00:13','ok',6,0,NULL,NULL,NULL),(150,'directwonen-berghem','2026-05-15 10:00:13','2026-05-15 10:00:26','ok',6,0,NULL,NULL,NULL),(151,'krabben','2026-05-15 10:00:26','2026-05-15 10:00:35','ok',2,0,NULL,NULL,NULL),(152,'funda-oss','2026-05-15 10:00:35','2026-05-15 10:01:31','ok',0,0,NULL,NULL,NULL),(153,'funda-berghem','2026-05-15 10:01:31','2026-05-15 10:02:27','ok',0,0,NULL,NULL,NULL),(154,'funda-digimakelaars','2026-05-15 10:02:27','2026-05-15 10:03:28','ok',0,0,NULL,NULL,NULL),(155,'rncwonen','2026-05-15 10:03:28','2026-05-15 10:03:30','ok',5,0,NULL,NULL,NULL),(156,'easyleasewonen','2026-05-15 10:03:30','2026-05-15 10:03:32','ok',1,0,NULL,NULL,NULL),(157,'gapph','2026-05-15 10:03:32','2026-05-15 10:03:34','ok',1,0,NULL,NULL,NULL),(158,'deleygraaf','2026-05-15 10:03:34','2026-05-15 10:03:37','ok',2,0,NULL,NULL,NULL),(159,'directwonen-oss','2026-05-15 15:00:00','2026-05-15 15:00:36','ok',6,0,NULL,NULL,NULL),(160,'directwonen-berghem','2026-05-15 15:00:36','2026-05-15 15:00:41','ok',6,0,NULL,NULL,NULL),(161,'krabben','2026-05-15 15:00:41','2026-05-15 15:00:47','ok',2,0,NULL,NULL,NULL),(162,'funda-oss','2026-05-15 15:00:47','2026-05-15 15:01:44','ok',0,0,NULL,NULL,NULL),(163,'funda-berghem','2026-05-15 15:01:44','2026-05-15 15:02:40','ok',0,0,NULL,NULL,NULL),(164,'funda-digimakelaars','2026-05-15 15:02:40','2026-05-15 15:03:36','ok',0,0,NULL,NULL,NULL),(165,'rncwonen','2026-05-15 15:03:36','2026-05-15 15:03:38','ok',5,0,NULL,NULL,NULL),(166,'easyleasewonen','2026-05-15 15:03:38','2026-05-15 15:03:41','ok',1,0,NULL,NULL,NULL),(167,'gapph','2026-05-15 15:03:41','2026-05-15 15:03:44','ok',1,0,NULL,NULL,NULL),(168,'deleygraaf','2026-05-15 15:03:44','2026-05-15 15:03:46','ok',2,0,NULL,NULL,NULL),(169,'directwonen-oss','2026-05-15 18:00:00','2026-05-15 18:00:14','ok',6,1,NULL,NULL,NULL),(170,'directwonen-berghem','2026-05-15 18:00:14','2026-05-15 18:00:19','ok',6,0,NULL,NULL,NULL),(171,'krabben','2026-05-15 18:00:19','2026-05-15 18:00:29','ok',2,0,NULL,NULL,NULL),(172,'funda-oss','2026-05-15 18:00:29','2026-05-15 18:01:25','ok',0,0,NULL,NULL,NULL),(173,'funda-berghem','2026-05-15 18:01:25','2026-05-15 18:02:21','ok',0,0,NULL,NULL,NULL),(174,'funda-digimakelaars','2026-05-15 18:02:22','2026-05-15 18:03:18','ok',0,0,NULL,NULL,NULL),(175,'rncwonen','2026-05-15 18:03:18','2026-05-15 18:03:20','ok',5,0,NULL,NULL,NULL),(176,'easyleasewonen','2026-05-15 18:03:20','2026-05-15 18:03:22','ok',1,0,NULL,NULL,NULL),(177,'gapph','2026-05-15 18:03:22','2026-05-15 18:03:24','ok',1,0,NULL,NULL,NULL),(178,'deleygraaf','2026-05-15 18:03:24','2026-05-15 18:03:27','ok',2,0,NULL,NULL,NULL),(179,'directwonen-oss','2026-05-16 07:00:00','2026-05-16 07:00:15','ok',6,0,NULL,NULL,NULL),(180,'directwonen-berghem','2026-05-16 07:00:15','2026-05-16 07:00:20','ok',6,0,NULL,NULL,NULL),(181,'krabben','2026-05-16 07:00:20','2026-05-16 07:00:39','ok',2,0,NULL,NULL,NULL),(182,'funda-oss','2026-05-16 07:00:39','2026-05-16 07:01:36','ok',0,0,NULL,NULL,NULL),(183,'funda-berghem','2026-05-16 07:01:36','2026-05-16 07:02:32','ok',0,0,NULL,NULL,NULL),(184,'funda-digimakelaars','2026-05-16 07:02:32','2026-05-16 07:03:29','ok',0,0,NULL,NULL,NULL),(185,'rncwonen','2026-05-16 07:03:29','2026-05-16 07:03:31','ok',5,0,NULL,NULL,NULL),(186,'easyleasewonen','2026-05-16 07:03:31','2026-05-16 07:03:34','ok',1,0,NULL,NULL,NULL),(187,'gapph','2026-05-16 07:03:34','2026-05-16 07:03:36','ok',12,0,NULL,NULL,NULL),(188,'deleygraaf','2026-05-16 07:03:36','2026-05-16 07:03:39','ok',2,0,NULL,NULL,NULL),(189,'directwonen-oss','2026-05-16 10:00:00','2026-05-16 10:00:15','ok',6,0,NULL,NULL,NULL),(190,'directwonen-berghem','2026-05-16 10:00:15','2026-05-16 10:00:22','ok',6,0,NULL,NULL,NULL),(191,'krabben','2026-05-16 10:00:22','2026-05-16 10:00:30','ok',2,0,NULL,NULL,NULL),(192,'funda-oss','2026-05-16 10:00:30','2026-05-16 10:01:26','ok',0,0,NULL,NULL,NULL),(193,'funda-berghem','2026-05-16 10:01:26','2026-05-16 10:02:22','ok',0,0,NULL,NULL,NULL),(194,'funda-digimakelaars','2026-05-16 10:02:22','2026-05-16 10:03:19','ok',0,0,NULL,NULL,NULL),(195,'rncwonen','2026-05-16 10:03:19','2026-05-16 10:03:20','ok',5,0,NULL,NULL,NULL),(196,'easyleasewonen','2026-05-16 10:03:20','2026-05-16 10:03:23','ok',1,0,NULL,NULL,NULL),(197,'gapph','2026-05-16 10:03:23','2026-05-16 10:03:25','ok',12,0,NULL,NULL,NULL),(198,'deleygraaf','2026-05-16 10:03:25','2026-05-16 10:03:28','ok',2,0,NULL,NULL,NULL),(199,'directwonen-oss','2026-05-16 15:00:00','2026-05-16 15:00:13','ok',7,1,NULL,NULL,NULL),(200,'directwonen-berghem','2026-05-16 15:00:13','2026-05-16 15:00:21','ok',7,0,NULL,NULL,NULL),(201,'krabben','2026-05-16 15:00:21','2026-05-16 15:00:32','ok',2,0,NULL,NULL,NULL),(202,'funda-oss','2026-05-16 15:00:32','2026-05-16 15:01:28','ok',0,0,NULL,NULL,NULL),(203,'funda-berghem','2026-05-16 15:01:28','2026-05-16 15:02:25','ok',0,0,NULL,NULL,NULL),(204,'funda-digimakelaars','2026-05-16 15:02:25','2026-05-16 15:03:51','ok',0,0,NULL,NULL,NULL),(205,'rncwonen','2026-05-16 15:03:51','2026-05-16 15:03:53','ok',5,0,NULL,NULL,NULL),(206,'easyleasewonen','2026-05-16 15:03:53','2026-05-16 15:03:56','ok',1,0,NULL,NULL,NULL),(207,'gapph','2026-05-16 15:03:56','2026-05-16 15:03:57','ok',12,0,NULL,NULL,NULL),(208,'deleygraaf','2026-05-16 15:03:57','2026-05-16 15:04:00','ok',2,0,NULL,NULL,NULL),(209,'directwonen-oss','2026-05-16 18:00:00','2026-05-16 18:00:17','ok',7,1,NULL,NULL,NULL),(210,'directwonen-berghem','2026-05-16 18:00:17','2026-05-16 18:00:22','ok',7,0,NULL,NULL,NULL),(211,'krabben','2026-05-16 18:00:22','2026-05-16 18:00:33','ok',2,0,NULL,NULL,NULL),(212,'funda-oss','2026-05-16 18:00:33','2026-05-16 18:01:30','ok',0,0,NULL,NULL,NULL),(213,'funda-berghem','2026-05-16 18:01:30','2026-05-16 18:02:26','ok',0,0,NULL,NULL,NULL),(214,'funda-digimakelaars','2026-05-16 18:02:26','2026-05-16 18:03:22','ok',0,0,NULL,NULL,NULL),(215,'rncwonen','2026-05-16 18:03:22','2026-05-16 18:03:24','ok',5,0,NULL,NULL,NULL),(216,'easyleasewonen','2026-05-16 18:03:24','2026-05-16 18:03:27','ok',1,0,NULL,NULL,NULL),(217,'gapph','2026-05-16 18:03:27','2026-05-16 18:03:29','ok',12,0,NULL,NULL,NULL),(218,'deleygraaf','2026-05-16 18:03:29','2026-05-16 18:03:31','ok',2,0,NULL,NULL,NULL),(219,'directwonen-oss','2026-05-17 07:00:00','2026-05-17 07:00:14','ok',7,0,NULL,NULL,NULL),(220,'directwonen-berghem','2026-05-17 07:00:14','2026-05-17 07:00:19','ok',7,0,NULL,NULL,NULL),(221,'krabben','2026-05-17 07:00:19','2026-05-17 07:00:29','ok',2,0,NULL,NULL,NULL),(222,'funda-oss','2026-05-17 07:00:29','2026-05-17 07:01:25','ok',0,0,NULL,NULL,NULL),(223,'funda-berghem','2026-05-17 07:01:25','2026-05-17 07:02:21','ok',0,0,NULL,NULL,NULL),(224,'funda-digimakelaars','2026-05-17 07:02:21','2026-05-17 07:03:17','ok',0,0,NULL,NULL,NULL),(225,'rncwonen','2026-05-17 07:03:17','2026-05-17 07:03:19','ok',5,0,NULL,NULL,NULL),(226,'easyleasewonen','2026-05-17 07:03:19','2026-05-17 07:03:23','ok',1,0,NULL,NULL,NULL),(227,'gapph','2026-05-17 07:03:23','2026-05-17 07:03:25','ok',12,0,NULL,NULL,NULL),(228,'deleygraaf','2026-05-17 07:03:25','2026-05-17 07:03:27','ok',2,0,NULL,NULL,NULL),(229,'directwonen-oss','2026-05-17 10:00:00','2026-05-17 10:00:15','ok',7,0,NULL,NULL,NULL),(230,'directwonen-berghem','2026-05-17 10:00:15','2026-05-17 10:00:22','ok',7,0,NULL,NULL,NULL),(231,'krabben','2026-05-17 10:00:22','2026-05-17 10:00:36','ok',2,0,NULL,NULL,NULL),(232,'funda-oss','2026-05-17 10:00:36','2026-05-17 10:01:33','ok',0,0,NULL,NULL,NULL),(233,'funda-berghem','2026-05-17 10:01:33','2026-05-17 10:02:29','ok',0,0,NULL,NULL,NULL),(234,'funda-digimakelaars','2026-05-17 10:02:29','2026-05-17 10:03:25','ok',0,0,NULL,NULL,NULL),(235,'rncwonen','2026-05-17 10:03:25','2026-05-17 10:03:27','ok',5,0,NULL,NULL,NULL),(236,'easyleasewonen','2026-05-17 10:03:27','2026-05-17 10:03:30','ok',1,0,NULL,NULL,NULL),(237,'gapph','2026-05-17 10:03:30','2026-05-17 10:03:32','ok',12,0,NULL,NULL,NULL),(238,'deleygraaf','2026-05-17 10:03:32','2026-05-17 10:03:34','ok',2,0,NULL,NULL,NULL),(239,'directwonen-oss','2026-05-17 15:00:00','2026-05-17 15:00:12','ok',7,0,NULL,NULL,NULL),(240,'directwonen-berghem','2026-05-17 15:00:12','2026-05-17 15:00:18','ok',7,0,NULL,NULL,NULL),(241,'krabben','2026-05-17 15:00:18','2026-05-17 15:00:27','ok',2,0,NULL,NULL,NULL),(242,'funda-oss','2026-05-17 15:00:27','2026-05-17 15:01:23','ok',0,0,NULL,NULL,NULL),(243,'funda-berghem','2026-05-17 15:01:23','2026-05-17 15:02:20','ok',0,0,NULL,NULL,NULL),(244,'funda-digimakelaars','2026-05-17 15:02:20','2026-05-17 15:03:16','ok',0,0,NULL,NULL,NULL),(245,'rncwonen','2026-05-17 15:03:16','2026-05-17 15:03:18','ok',5,0,NULL,NULL,NULL),(246,'easyleasewonen','2026-05-17 15:03:18','2026-05-17 15:03:21','ok',1,0,NULL,NULL,NULL),(247,'gapph','2026-05-17 15:03:21','2026-05-17 15:03:22','ok',12,0,NULL,NULL,NULL),(248,'deleygraaf','2026-05-17 15:03:22','2026-05-17 15:03:25','ok',2,0,NULL,NULL,NULL),(249,'directwonen-oss','2026-05-17 18:00:00','2026-05-17 18:00:14','ok',7,0,NULL,NULL,NULL),(250,'directwonen-berghem','2026-05-17 18:00:14','2026-05-17 18:00:19','ok',7,0,NULL,NULL,NULL),(251,'krabben','2026-05-17 18:00:19','2026-05-17 18:00:24','ok',2,0,NULL,NULL,NULL),(252,'funda-oss','2026-05-17 18:00:24','2026-05-17 18:01:21','ok',0,0,NULL,NULL,NULL),(253,'funda-berghem','2026-05-17 18:01:21','2026-05-17 18:02:17','ok',0,0,NULL,NULL,NULL),(254,'funda-digimakelaars','2026-05-17 18:02:17','2026-05-17 18:03:14','ok',0,0,NULL,NULL,NULL),(255,'rncwonen','2026-05-17 18:03:14','2026-05-17 18:03:15','ok',5,0,NULL,NULL,NULL),(256,'easyleasewonen','2026-05-17 18:03:15','2026-05-17 18:03:18','ok',1,0,NULL,NULL,NULL),(257,'gapph','2026-05-17 18:03:18','2026-05-17 18:03:20','ok',12,0,NULL,NULL,NULL),(258,'deleygraaf','2026-05-17 18:03:20','2026-05-17 18:03:22','ok',2,0,NULL,NULL,NULL),(259,'directwonen-oss','2026-05-18 18:07:41','2026-05-18 18:08:32','ok',7,0,NULL,NULL,NULL),(260,'directwonen-berghem','2026-05-18 18:08:32','2026-05-18 18:08:43','ok',7,0,NULL,NULL,NULL),(261,'krabben','2026-05-18 18:08:43','2026-05-18 18:08:54','ok',6,0,NULL,NULL,NULL),(262,'funda-oss','2026-05-18 18:08:54','2026-05-18 18:09:51','ok',0,0,NULL,NULL,NULL),(263,'funda-berghem','2026-05-18 18:09:51','2026-05-18 18:10:48','ok',0,0,NULL,NULL,NULL),(264,'funda-digimakelaars','2026-05-18 18:10:48','2026-05-18 18:11:45','ok',0,0,NULL,NULL,NULL),(265,'rncwonen','2026-05-18 18:11:45','2026-05-18 18:11:48','ok',5,0,NULL,NULL,NULL),(266,'easyleasewonen','2026-05-18 18:11:48','2026-05-18 18:11:51','ok',1,0,NULL,NULL,NULL),(267,'gapph','2026-05-18 18:11:51','2026-05-18 18:11:55','ok',1,1,NULL,NULL,NULL),(268,'deleygraaf','2026-05-18 18:11:55','2026-05-18 18:11:59','ok',2,0,NULL,NULL,NULL),(269,'directwonen-oss','2026-05-19 15:00:00','2026-05-19 15:00:38','ok',7,1,NULL,NULL,NULL),(270,'directwonen-berghem','2026-05-19 15:00:38','2026-05-19 15:00:43','ok',7,0,NULL,NULL,NULL),(271,'krabben','2026-05-19 15:00:43','2026-05-19 15:00:49','ok',6,0,NULL,NULL,NULL),(272,'funda-oss','2026-05-19 15:00:49','2026-05-19 15:01:46','ok',0,0,NULL,NULL,NULL),(273,'funda-berghem','2026-05-19 15:01:46','2026-05-19 15:02:42','ok',0,0,NULL,NULL,NULL),(274,'funda-digimakelaars','2026-05-19 15:02:42','2026-05-19 15:03:39','ok',0,0,NULL,NULL,NULL),(275,'rncwonen','2026-05-19 15:03:39','2026-05-19 15:03:42','ok',5,0,NULL,NULL,NULL),(276,'easyleasewonen','2026-05-19 15:03:42','2026-05-19 15:03:45','ok',1,0,NULL,NULL,NULL),(277,'gapph','2026-05-19 15:03:45','2026-05-19 15:03:47','ok',1,0,NULL,NULL,NULL),(278,'deleygraaf','2026-05-19 15:03:47','2026-05-19 15:03:50','ok',2,0,NULL,NULL,NULL),(279,'directwonen-oss','2026-05-20 15:00:00','2026-05-20 15:00:12','ok',6,0,NULL,NULL,NULL),(280,'directwonen-berghem','2026-05-20 15:00:12','2026-05-20 15:00:18','ok',6,0,NULL,NULL,NULL),(281,'krabben','2026-05-20 15:00:18','2026-05-20 15:00:25','ok',5,0,NULL,NULL,NULL),(282,'funda-oss','2026-05-20 15:00:25','2026-05-20 15:01:22','ok',0,0,NULL,NULL,NULL),(283,'funda-berghem','2026-05-20 15:01:22','2026-05-20 15:02:18','ok',0,0,NULL,NULL,NULL),(284,'funda-digimakelaars','2026-05-20 15:02:18','2026-05-20 15:03:15','ok',0,0,NULL,NULL,NULL),(285,'rncwonen','2026-05-20 15:03:15','2026-05-20 15:03:18','ok',5,0,NULL,NULL,NULL),(286,'easyleasewonen','2026-05-20 15:03:18','2026-05-20 15:03:21','ok',1,0,NULL,NULL,NULL),(287,'gapph','2026-05-20 15:03:21','2026-05-20 15:03:24','ok',1,0,NULL,NULL,NULL),(288,'deleygraaf','2026-05-20 15:03:24','2026-05-20 15:03:29','ok',2,0,NULL,NULL,NULL),(289,'directwonen-oss','2026-05-21 10:00:00','2026-05-21 10:00:27','ok',6,0,NULL,NULL,NULL),(290,'directwonen-berghem','2026-05-21 10:00:27','2026-05-21 10:00:33','ok',6,0,NULL,NULL,NULL),(291,'krabben','2026-05-21 10:00:33','2026-05-21 10:00:40','ok',5,0,NULL,NULL,NULL),(292,'funda-oss','2026-05-21 10:00:40','2026-05-21 10:01:38','ok',0,0,NULL,NULL,NULL),(293,'funda-berghem','2026-05-21 10:01:38','2026-05-21 10:02:35','ok',0,0,NULL,NULL,NULL),(294,'funda-digimakelaars','2026-05-21 10:02:35','2026-05-21 10:03:31','ok',0,0,NULL,NULL,NULL),(295,'rncwonen','2026-05-21 10:03:32','2026-05-21 10:03:34','ok',5,0,NULL,NULL,NULL),(296,'easyleasewonen','2026-05-21 10:03:34','2026-05-21 10:03:37','ok',1,0,NULL,NULL,NULL),(297,'gapph','2026-05-21 10:03:37','2026-05-21 10:03:39','ok',1,0,NULL,NULL,NULL),(298,'deleygraaf','2026-05-21 10:03:39','2026-05-21 10:03:42','ok',2,0,NULL,NULL,NULL),(299,'directwonen-oss','2026-05-21 15:00:00','2026-05-21 15:00:37','ok',6,0,NULL,NULL,NULL),(300,'directwonen-berghem','2026-05-21 15:00:37','2026-05-21 15:00:49','ok',6,0,NULL,NULL,NULL),(301,'krabben','2026-05-21 15:00:49','2026-05-21 15:00:57','ok',5,0,NULL,NULL,NULL),(302,'funda-oss','2026-05-21 15:00:57','2026-05-21 15:01:54','ok',0,0,NULL,NULL,NULL),(303,'funda-berghem','2026-05-21 15:01:54','2026-05-21 15:02:50','ok',0,0,NULL,NULL,NULL),(304,'funda-digimakelaars','2026-05-21 15:02:50','2026-05-21 15:03:47','ok',0,0,NULL,NULL,NULL),(305,'rncwonen','2026-05-21 15:03:47','2026-05-21 15:03:51','ok',5,0,NULL,NULL,NULL),(306,'easyleasewonen','2026-05-21 15:03:51','2026-05-21 15:03:55','ok',1,0,NULL,NULL,NULL),(307,'gapph','2026-05-21 15:03:55','2026-05-21 15:03:57','ok',1,0,NULL,NULL,NULL),(308,'deleygraaf','2026-05-21 15:03:57','2026-05-21 15:04:02','ok',2,0,NULL,NULL,NULL),(309,'directwonen-oss','2026-05-21 18:00:00','2026-05-21 18:00:14','ok',6,0,NULL,NULL,NULL),(310,'directwonen-berghem','2026-05-21 18:00:14','2026-05-21 18:00:24','ok',6,0,NULL,NULL,NULL),(311,'krabben','2026-05-21 18:00:24','2026-05-21 18:00:36','ok',5,0,NULL,NULL,NULL),(312,'funda-oss','2026-05-21 18:00:36','2026-05-21 18:01:33','ok',0,0,NULL,NULL,NULL),(313,'funda-berghem','2026-05-21 18:01:33','2026-05-21 18:02:30','ok',0,0,NULL,NULL,NULL),(314,'funda-digimakelaars','2026-05-21 18:02:30','2026-05-21 18:03:27','ok',0,0,NULL,NULL,NULL),(315,'rncwonen','2026-05-21 18:03:27','2026-05-21 18:03:29','ok',5,0,NULL,NULL,NULL),(316,'easyleasewonen','2026-05-21 18:03:29','2026-05-21 18:03:32','ok',1,0,NULL,NULL,NULL),(317,'gapph','2026-05-21 18:03:32','2026-05-21 18:03:34','ok',1,0,NULL,NULL,NULL),(318,'deleygraaf','2026-05-21 18:03:34','2026-05-21 18:03:37','ok',2,0,NULL,NULL,NULL),(319,'directwonen-oss','2026-05-22 07:00:00','2026-05-22 07:00:17','ok',6,0,NULL,NULL,NULL),(320,'directwonen-berghem','2026-05-22 07:00:17','2026-05-22 07:00:28','ok',6,0,NULL,NULL,NULL),(321,'krabben','2026-05-22 07:00:28','2026-05-22 07:00:35','ok',5,0,NULL,NULL,NULL),(322,'funda-oss','2026-05-22 07:00:35','2026-05-22 07:01:32','ok',0,0,NULL,NULL,NULL),(323,'funda-berghem','2026-05-22 07:01:32','2026-05-22 07:02:28','ok',0,0,NULL,NULL,NULL),(324,'funda-digimakelaars','2026-05-22 07:02:28','2026-05-22 07:03:25','ok',0,0,NULL,NULL,NULL),(325,'rncwonen','2026-05-22 07:03:25','2026-05-22 07:03:27','ok',5,0,NULL,NULL,NULL),(326,'easyleasewonen','2026-05-22 07:03:27','2026-05-22 07:03:30','ok',1,0,NULL,NULL,NULL),(327,'gapph','2026-05-22 07:03:30','2026-05-22 07:03:32','ok',1,0,NULL,NULL,NULL),(328,'deleygraaf','2026-05-22 07:03:32','2026-05-22 07:03:35','ok',2,0,NULL,NULL,NULL),(329,'directwonen-oss','2026-05-22 10:00:00','2026-05-22 10:00:32','ok',6,0,NULL,NULL,NULL),(330,'directwonen-berghem','2026-05-22 10:00:32','2026-05-22 10:00:50','ok',6,0,NULL,NULL,NULL),(331,'krabben','2026-05-22 10:00:50','2026-05-22 10:00:57','ok',6,1,NULL,NULL,NULL),(332,'funda-oss','2026-05-22 10:00:57','2026-05-22 10:01:53','ok',0,0,NULL,NULL,NULL),(333,'funda-berghem','2026-05-22 10:01:53','2026-05-22 10:02:50','ok',0,0,NULL,NULL,NULL),(334,'funda-digimakelaars','2026-05-22 10:02:50','2026-05-22 10:03:46','ok',0,0,NULL,NULL,NULL),(335,'rncwonen','2026-05-22 10:03:46','2026-05-22 10:03:50','ok',5,0,NULL,NULL,NULL),(336,'easyleasewonen','2026-05-22 10:03:50','2026-05-22 10:03:53','ok',1,0,NULL,NULL,NULL),(337,'gapph','2026-05-22 10:03:53','2026-05-22 10:03:55','ok',1,0,NULL,NULL,NULL),(338,'deleygraaf','2026-05-22 10:03:55','2026-05-22 10:03:59','ok',2,0,NULL,NULL,NULL),(339,'directwonen-oss','2026-05-26 07:23:06','2026-05-26 07:24:44','ok',5,0,NULL,NULL,NULL),(340,'directwonen-berghem','2026-05-26 07:24:44','2026-05-26 07:25:01','ok',5,0,NULL,NULL,NULL),(341,'krabben','2026-05-26 07:25:01','2026-05-26 07:25:28','ok',6,0,NULL,NULL,NULL),(342,'funda-oss','2026-05-26 07:25:28','2026-05-26 07:26:27','ok',0,0,NULL,NULL,NULL),(343,'funda-berghem','2026-05-26 07:26:27','2026-05-26 07:27:40','ok',0,0,NULL,NULL,NULL),(344,'funda-digimakelaars','2026-05-26 07:27:40','2026-05-26 07:28:37','ok',0,0,NULL,NULL,NULL),(345,'rncwonen','2026-05-26 07:28:37','2026-05-26 07:28:40','ok',4,0,NULL,NULL,NULL),(346,'easyleasewonen','2026-05-26 07:28:40','2026-05-26 07:28:43','ok',1,0,NULL,NULL,NULL),(347,'gapph','2026-05-26 07:28:43','2026-05-26 07:28:45','ok',2,0,NULL,NULL,NULL),(348,'deleygraaf','2026-05-26 07:28:45','2026-05-26 07:28:48','ok',2,0,NULL,NULL,NULL),(349,'directwonen-oss','2026-05-26 10:00:00','2026-05-26 10:00:13','ok',5,0,NULL,NULL,NULL),(350,'directwonen-berghem','2026-05-26 10:00:13','2026-05-26 10:00:23','ok',5,0,NULL,NULL,NULL),(351,'krabben','2026-05-26 10:00:23','2026-05-26 10:00:33','ok',5,0,NULL,NULL,NULL),(352,'funda-oss','2026-05-26 10:00:33','2026-05-26 10:01:30','ok',0,0,NULL,NULL,NULL),(353,'funda-berghem','2026-05-26 10:01:30','2026-05-26 10:02:26','ok',0,0,NULL,NULL,NULL),(354,'funda-digimakelaars','2026-05-26 10:02:26','2026-05-26 10:03:23','ok',0,0,NULL,NULL,NULL),(355,'rncwonen','2026-05-26 10:03:23','2026-05-26 10:03:25','ok',4,0,NULL,NULL,NULL),(356,'easyleasewonen','2026-05-26 10:03:25','2026-05-26 10:03:28','ok',1,0,NULL,NULL,NULL),(357,'gapph','2026-05-26 10:03:28','2026-05-26 10:03:30','ok',2,0,NULL,NULL,NULL),(358,'deleygraaf','2026-05-26 10:03:30','2026-05-26 10:03:33','ok',2,0,NULL,NULL,NULL),(359,'directwonen-oss','2026-05-26 15:00:00','2026-05-26 15:00:33','ok',5,0,NULL,NULL,NULL),(360,'directwonen-berghem','2026-05-26 15:00:33','2026-05-26 15:00:39','ok',5,0,NULL,NULL,NULL),(361,'krabben','2026-05-26 15:00:39','2026-05-26 15:00:51','ok',5,0,NULL,NULL,NULL),(362,'funda-oss','2026-05-26 15:00:51','2026-05-26 15:01:48','ok',0,0,NULL,NULL,NULL),(363,'funda-berghem','2026-05-26 15:01:48','2026-05-26 15:02:45','ok',0,0,NULL,NULL,NULL),(364,'funda-digimakelaars','2026-05-26 15:02:45','2026-05-26 15:03:42','ok',0,0,NULL,NULL,NULL),(365,'rncwonen','2026-05-26 15:03:42','2026-05-26 15:03:45','ok',4,0,NULL,NULL,NULL),(366,'easyleasewonen','2026-05-26 15:03:45','2026-05-26 15:03:48','ok',1,0,NULL,NULL,NULL),(367,'gapph','2026-05-26 15:03:48','2026-05-26 15:03:50','ok',2,0,NULL,NULL,NULL),(368,'deleygraaf','2026-05-26 15:03:50','2026-05-26 15:03:54','ok',2,0,NULL,NULL,NULL),(369,'directwonen-oss','2026-05-27 10:00:00','2026-05-27 10:00:19','ok',5,0,NULL,NULL,NULL),(370,'directwonen-berghem','2026-05-27 10:00:19','2026-05-27 10:00:26','ok',5,0,NULL,NULL,NULL),(371,'krabben','2026-05-27 10:00:26','2026-05-27 10:00:32','ok',5,0,NULL,NULL,NULL),(372,'funda-oss','2026-05-27 10:00:32','2026-05-27 10:01:28','ok',0,0,NULL,NULL,NULL),(373,'funda-berghem','2026-05-27 10:01:28','2026-05-27 10:02:25','ok',0,0,NULL,NULL,NULL),(374,'funda-digimakelaars','2026-05-27 10:02:25','2026-05-27 10:03:22','ok',0,0,NULL,NULL,NULL),(375,'rncwonen','2026-05-27 10:03:22','2026-05-27 10:03:26','ok',5,1,NULL,NULL,NULL),(376,'easyleasewonen','2026-05-27 10:03:26','2026-05-27 10:03:30','ok',1,0,NULL,NULL,NULL),(377,'gapph','2026-05-27 10:03:30','2026-05-27 10:03:32','ok',1,0,NULL,NULL,NULL),(378,'deleygraaf','2026-05-27 10:03:32','2026-05-27 10:03:41','ok',2,0,NULL,NULL,NULL),(379,'directwonen-oss','2026-05-27 15:00:00','2026-05-27 15:00:38','ok',7,2,NULL,NULL,NULL),(380,'directwonen-berghem','2026-05-27 15:00:38','2026-05-27 15:00:47','ok',7,0,NULL,NULL,NULL),(381,'krabben','2026-05-27 15:00:47','2026-05-27 15:00:53','ok',5,0,NULL,NULL,NULL),(382,'funda-oss','2026-05-27 15:00:53','2026-05-27 15:01:50','ok',0,0,NULL,NULL,NULL),(383,'funda-berghem','2026-05-27 15:01:50','2026-05-27 15:02:47','ok',0,0,NULL,NULL,NULL),(384,'funda-digimakelaars','2026-05-27 15:02:47','2026-05-27 15:03:45','ok',0,0,NULL,NULL,NULL),(385,'rncwonen','2026-05-27 15:03:45','2026-05-27 15:03:49','ok',5,0,NULL,NULL,NULL),(386,'easyleasewonen','2026-05-27 15:03:49','2026-05-27 15:03:52','ok',1,0,NULL,NULL,NULL),(387,'gapph','2026-05-27 15:03:52','2026-05-27 15:03:55','ok',1,0,NULL,NULL,NULL),(388,'deleygraaf','2026-05-27 15:03:55','2026-05-27 15:03:58','ok',2,0,NULL,NULL,NULL),(389,'directwonen-oss','2026-05-28 10:00:00','2026-05-28 10:01:02','ok',7,0,NULL,NULL,NULL),(390,'directwonen-berghem','2026-05-28 10:01:02','2026-05-28 10:01:09','ok',7,0,NULL,NULL,NULL),(391,'krabben','2026-05-28 10:01:09','2026-05-28 10:01:52','ok',6,1,NULL,NULL,NULL),(392,'funda-oss','2026-05-28 10:01:52','2026-05-28 10:02:49','ok',0,0,NULL,NULL,NULL),(393,'funda-berghem','2026-05-28 10:02:49','2026-05-28 10:03:57','ok',0,0,NULL,NULL,NULL),(394,'funda-digimakelaars','2026-05-28 10:03:57','2026-05-28 10:05:06','ok',0,0,NULL,NULL,NULL),(395,'rncwonen','2026-05-28 10:05:06','2026-05-28 10:05:21','ok',5,0,NULL,NULL,NULL),(396,'easyleasewonen','2026-05-28 10:05:21','2026-05-28 10:05:26','ok',1,0,NULL,NULL,NULL),(397,'gapph','2026-05-28 10:05:26','2026-05-28 10:05:35','ok',1,0,NULL,NULL,NULL),(398,'deleygraaf','2026-05-28 10:05:35','2026-05-28 10:05:48','ok',2,0,NULL,NULL,NULL),(399,'directwonen-oss','2026-05-28 15:00:00','2026-05-28 15:00:46','ok',7,0,NULL,NULL,NULL),(400,'directwonen-berghem','2026-05-28 15:00:46','2026-05-28 15:01:11','ok',7,0,NULL,NULL,NULL),(401,'krabben','2026-05-28 15:01:11','2026-05-28 15:01:17','ok',6,0,NULL,NULL,NULL),(402,'funda-oss','2026-05-28 15:01:17','2026-05-28 15:02:13','ok',0,0,NULL,NULL,NULL),(403,'funda-berghem','2026-05-28 15:02:13','2026-05-28 15:03:10','ok',0,0,NULL,NULL,NULL),(404,'funda-digimakelaars','2026-05-28 15:03:10','2026-05-28 15:04:07','ok',0,0,NULL,NULL,NULL),(405,'rncwonen','2026-05-28 15:04:07','2026-05-28 15:04:10','ok',5,0,NULL,NULL,NULL),(406,'easyleasewonen','2026-05-28 15:04:10','2026-05-28 15:04:13','ok',1,0,NULL,NULL,NULL),(407,'gapph','2026-05-28 15:04:13','2026-05-28 15:04:15','ok',2,0,NULL,NULL,NULL),(408,'deleygraaf','2026-05-28 15:04:15','2026-05-28 15:04:18','ok',2,0,NULL,NULL,NULL),(409,'directwonen-oss','2026-05-28 18:00:00','2026-05-28 18:00:18','ok',7,0,NULL,NULL,NULL),(410,'directwonen-berghem','2026-05-28 18:00:18','2026-05-28 18:00:30','ok',7,0,NULL,NULL,NULL),(411,'krabben','2026-05-28 18:00:30','2026-05-28 18:00:39','ok',6,0,NULL,NULL,NULL),(412,'funda-oss','2026-05-28 18:00:39','2026-05-28 18:01:37','ok',0,0,NULL,NULL,NULL),(413,'funda-berghem','2026-05-28 18:01:37','2026-05-28 18:02:34','ok',0,0,NULL,NULL,NULL),(414,'funda-digimakelaars','2026-05-28 18:02:34','2026-05-28 18:03:31','ok',0,0,NULL,NULL,NULL),(415,'rncwonen','2026-05-28 18:03:31','2026-05-28 18:03:33','ok',5,0,NULL,NULL,NULL),(416,'easyleasewonen','2026-05-28 18:03:33','2026-05-28 18:03:37','ok',1,0,NULL,NULL,NULL),(417,'gapph','2026-05-28 18:03:37','2026-05-28 18:03:40','ok',2,0,NULL,NULL,NULL),(418,'deleygraaf','2026-05-28 18:03:40','2026-05-28 18:03:43','ok',2,0,NULL,NULL,NULL),(419,'directwonen-oss','2026-05-29 07:00:00','2026-05-29 07:00:16','ok',7,0,NULL,NULL,NULL),(420,'directwonen-berghem','2026-05-29 07:00:16','2026-05-29 07:00:21','ok',7,0,NULL,NULL,NULL),(421,'krabben','2026-05-29 07:00:21','2026-05-29 07:00:33','ok',6,0,NULL,NULL,NULL),(422,'funda-oss','2026-05-29 07:00:33','2026-05-29 07:01:30','ok',0,0,NULL,NULL,NULL),(423,'funda-berghem','2026-05-29 07:01:30','2026-05-29 07:02:27','ok',0,0,NULL,NULL,NULL),(424,'funda-digimakelaars','2026-05-29 07:02:27','2026-05-29 07:03:24','ok',0,0,NULL,NULL,NULL),(425,'rncwonen','2026-05-29 07:03:24','2026-05-29 07:03:26','ok',5,0,NULL,NULL,NULL),(426,'easyleasewonen','2026-05-29 07:03:26','2026-05-29 07:03:29','ok',1,0,NULL,NULL,NULL),(427,'gapph','2026-05-29 07:03:29','2026-05-29 07:03:31','ok',2,0,NULL,NULL,NULL),(428,'deleygraaf','2026-05-29 07:03:31','2026-05-29 07:03:34','ok',2,0,NULL,NULL,NULL),(429,'directwonen-oss','2026-05-29 10:00:00','2026-05-29 10:00:15','ok',7,0,NULL,NULL,NULL),(430,'directwonen-berghem','2026-05-29 10:00:15','2026-05-29 10:00:28','ok',7,0,NULL,NULL,NULL),(431,'krabben','2026-05-29 10:00:28','2026-05-29 10:00:33','ok',6,0,NULL,NULL,NULL),(432,'funda-oss','2026-05-29 10:00:33','2026-05-29 10:01:30','ok',0,0,NULL,NULL,NULL),(433,'funda-berghem','2026-05-29 10:01:30','2026-05-29 10:02:26','ok',0,0,NULL,NULL,NULL),(434,'funda-digimakelaars','2026-05-29 10:02:26','2026-05-29 10:03:23','ok',0,0,NULL,NULL,NULL),(435,'rncwonen','2026-05-29 10:03:23','2026-05-29 10:03:26','ok',5,0,NULL,NULL,NULL),(436,'easyleasewonen','2026-05-29 10:03:26','2026-05-29 10:03:29','ok',1,0,NULL,NULL,NULL),(437,'gapph','2026-05-29 10:03:29','2026-05-29 10:03:31','ok',2,0,NULL,NULL,NULL),(438,'deleygraaf','2026-05-29 10:03:31','2026-05-29 10:03:34','ok',2,0,NULL,NULL,NULL),(439,'directwonen-oss','2026-05-29 15:00:00','2026-05-29 15:00:16','ok',7,0,NULL,NULL,NULL),(440,'directwonen-berghem','2026-05-29 15:00:16','2026-05-29 15:00:24','ok',7,0,NULL,NULL,NULL),(441,'krabben','2026-05-29 15:00:24','2026-05-29 15:00:37','ok',6,0,NULL,NULL,NULL),(442,'funda-oss','2026-05-29 15:00:37','2026-05-29 15:01:34','ok',0,0,NULL,NULL,NULL),(443,'funda-berghem','2026-05-29 15:01:34','2026-05-29 15:02:31','ok',0,0,NULL,NULL,NULL),(444,'funda-digimakelaars','2026-05-29 15:02:31','2026-05-29 15:03:28','ok',0,0,NULL,NULL,NULL),(445,'rncwonen','2026-05-29 15:03:28','2026-05-29 15:03:30','ok',5,0,NULL,NULL,NULL),(446,'easyleasewonen','2026-05-29 15:03:30','2026-05-29 15:03:34','ok',1,0,NULL,NULL,NULL),(447,'gapph','2026-05-29 15:03:34','2026-05-29 15:03:38','ok',1,0,NULL,NULL,NULL),(448,'deleygraaf','2026-05-29 15:03:38','2026-05-29 15:03:43','ok',2,0,NULL,NULL,NULL),(449,'directwonen-oss','2026-05-29 18:00:00','2026-05-29 18:00:15','ok',7,0,NULL,NULL,NULL),(450,'directwonen-berghem','2026-05-29 18:00:15','2026-05-29 18:00:22','ok',7,0,NULL,NULL,NULL),(451,'krabben','2026-05-29 18:00:22','2026-05-29 18:00:31','ok',6,0,NULL,NULL,NULL),(452,'funda-oss','2026-05-29 18:00:31','2026-05-29 18:01:28','ok',0,0,NULL,NULL,NULL),(453,'funda-berghem','2026-05-29 18:01:28','2026-05-29 18:02:25','ok',0,0,NULL,NULL,NULL),(454,'funda-digimakelaars','2026-05-29 18:02:25','2026-05-29 18:03:22','ok',0,0,NULL,NULL,NULL),(455,'rncwonen','2026-05-29 18:03:22','2026-05-29 18:03:24','ok',5,0,NULL,NULL,NULL),(456,'easyleasewonen','2026-05-29 18:03:24','2026-05-29 18:03:27','ok',1,0,NULL,NULL,NULL),(457,'gapph','2026-05-29 18:03:27','2026-05-29 18:03:29','ok',1,0,NULL,NULL,NULL),(458,'deleygraaf','2026-05-29 18:03:29','2026-05-29 18:03:33','ok',2,0,NULL,NULL,NULL),(459,'directwonen-oss','2026-05-30 07:00:00','2026-05-30 07:00:25','ok',7,0,NULL,NULL,NULL),(460,'directwonen-berghem','2026-05-30 07:00:25','2026-05-30 07:00:35','ok',7,0,NULL,NULL,NULL),(461,'krabben','2026-05-30 07:00:35','2026-05-30 07:00:54','ok',6,0,NULL,NULL,NULL),(462,'funda-oss','2026-05-30 07:00:54','2026-05-30 07:01:52','ok',0,0,NULL,NULL,NULL),(463,'funda-berghem','2026-05-30 07:01:52','2026-05-30 07:02:48','ok',0,0,NULL,NULL,NULL),(464,'funda-digimakelaars','2026-05-30 07:02:48','2026-05-30 07:03:44','ok',0,0,NULL,NULL,NULL),(465,'rncwonen','2026-05-30 07:03:45','2026-05-30 07:03:47','ok',5,0,NULL,NULL,NULL),(466,'easyleasewonen','2026-05-30 07:03:47','2026-05-30 07:03:49','ok',1,0,NULL,NULL,NULL),(467,'gapph','2026-05-30 07:03:49','2026-05-30 07:03:51','ok',1,0,NULL,NULL,NULL),(468,'deleygraaf','2026-05-30 07:03:51','2026-05-30 07:03:54','ok',2,0,NULL,NULL,NULL),(469,'directwonen-oss','2026-05-30 10:00:02','2026-05-30 10:00:38','ok',7,0,NULL,NULL,NULL),(470,'directwonen-berghem','2026-05-30 10:00:38','2026-05-30 10:00:45','ok',7,0,NULL,NULL,NULL),(471,'krabben','2026-05-30 10:00:45','2026-05-30 10:00:59','ok',6,0,NULL,NULL,NULL),(472,'funda-oss','2026-05-30 10:00:59','2026-05-30 10:01:56','ok',0,0,NULL,NULL,NULL),(473,'funda-berghem','2026-05-30 10:01:56','2026-05-30 10:02:53','ok',0,0,NULL,NULL,NULL),(474,'funda-digimakelaars','2026-05-30 10:02:53','2026-05-30 10:03:50','ok',0,0,NULL,NULL,NULL),(475,'rncwonen','2026-05-30 10:03:50','2026-05-30 10:03:52','ok',5,0,NULL,NULL,NULL),(476,'easyleasewonen','2026-05-30 10:03:52','2026-05-30 10:03:55','ok',1,0,NULL,NULL,NULL),(477,'gapph','2026-05-30 10:03:55','2026-05-30 10:03:57','ok',1,0,NULL,NULL,NULL),(478,'deleygraaf','2026-05-30 10:03:57','2026-05-30 10:04:00','ok',2,0,NULL,NULL,NULL),(479,'directwonen-oss','2026-05-30 15:00:00','2026-05-30 15:00:15','ok',7,2,NULL,NULL,NULL),(480,'directwonen-berghem','2026-05-30 15:00:15','2026-05-30 15:00:25','ok',7,0,NULL,NULL,NULL),(481,'krabben','2026-05-30 15:00:25','2026-05-30 15:00:41','ok',6,0,NULL,NULL,NULL),(482,'funda-oss','2026-05-30 15:00:41','2026-05-30 15:01:38','ok',0,0,NULL,NULL,NULL),(483,'funda-berghem','2026-05-30 15:01:38','2026-05-30 15:02:34','ok',0,0,NULL,NULL,NULL),(484,'funda-digimakelaars','2026-05-30 15:02:34','2026-05-30 15:03:31','ok',0,0,NULL,NULL,NULL),(485,'rncwonen','2026-05-30 15:03:31','2026-05-30 15:03:33','ok',5,0,NULL,NULL,NULL),(486,'easyleasewonen','2026-05-30 15:03:33','2026-05-30 15:03:37','ok',1,0,NULL,NULL,NULL),(487,'gapph','2026-05-30 15:03:37','2026-05-30 15:03:39','ok',1,0,NULL,NULL,NULL),(488,'deleygraaf','2026-05-30 15:03:39','2026-05-30 15:03:41','ok',2,0,NULL,NULL,NULL),(489,'directwonen-oss','2026-05-30 18:00:00','2026-05-30 18:00:14','ok',7,0,NULL,NULL,NULL),(490,'directwonen-berghem','2026-05-30 18:00:14','2026-05-30 18:00:24','ok',7,0,NULL,NULL,NULL),(491,'krabben','2026-05-30 18:00:24','2026-05-30 18:00:40','ok',6,0,NULL,NULL,NULL),(492,'funda-oss','2026-05-30 18:00:40','2026-05-30 18:01:37','ok',0,0,NULL,NULL,NULL),(493,'funda-berghem','2026-05-30 18:01:37','2026-05-30 18:02:34','ok',0,0,NULL,NULL,NULL),(494,'funda-digimakelaars','2026-05-30 18:02:34','2026-05-30 18:03:30','ok',0,0,NULL,NULL,NULL),(495,'rncwonen','2026-05-30 18:03:30','2026-05-30 18:03:32','ok',5,0,NULL,NULL,NULL),(496,'easyleasewonen','2026-05-30 18:03:32','2026-05-30 18:03:35','ok',1,0,NULL,NULL,NULL),(497,'gapph','2026-05-30 18:03:35','2026-05-30 18:03:37','ok',1,0,NULL,NULL,NULL),(498,'deleygraaf','2026-05-30 18:03:37','2026-05-30 18:03:40','ok',2,0,NULL,NULL,NULL),(499,'directwonen-oss','2026-05-31 07:00:00','2026-05-31 07:00:15','ok',7,0,NULL,NULL,NULL),(500,'directwonen-berghem','2026-05-31 07:00:15','2026-05-31 07:00:20','ok',7,0,NULL,NULL,NULL),(501,'krabben','2026-05-31 07:00:20','2026-05-31 07:00:23','ok',6,0,NULL,NULL,NULL),(502,'funda-oss','2026-05-31 07:00:23','2026-05-31 07:01:19','ok',0,0,NULL,NULL,NULL),(503,'funda-berghem','2026-05-31 07:01:19','2026-05-31 07:02:16','ok',0,0,NULL,NULL,NULL),(504,'funda-digimakelaars','2026-05-31 07:02:16','2026-05-31 07:03:13','ok',0,0,NULL,NULL,NULL),(505,'rncwonen','2026-05-31 07:03:13','2026-05-31 07:03:15','ok',5,0,NULL,NULL,NULL),(506,'easyleasewonen','2026-05-31 07:03:15','2026-05-31 07:03:18','ok',1,0,NULL,NULL,NULL),(507,'gapph','2026-05-31 07:03:18','2026-05-31 07:03:21','ok',1,0,NULL,NULL,NULL),(508,'deleygraaf','2026-05-31 07:03:21','2026-05-31 07:03:24','ok',2,0,NULL,NULL,NULL),(509,'directwonen-oss','2026-05-31 10:00:00','2026-05-31 10:00:16','ok',7,0,NULL,NULL,NULL),(510,'directwonen-berghem','2026-05-31 10:00:16','2026-05-31 10:00:28','ok',7,0,NULL,NULL,NULL),(511,'krabben','2026-05-31 10:00:28','2026-05-31 10:00:31','ok',6,0,NULL,NULL,NULL),(512,'funda-oss','2026-05-31 10:00:31','2026-05-31 10:01:27','ok',0,0,NULL,NULL,NULL),(513,'funda-berghem','2026-05-31 10:01:27','2026-05-31 10:02:25','ok',0,0,NULL,NULL,NULL),(514,'funda-digimakelaars','2026-05-31 10:02:25','2026-05-31 10:03:22','ok',0,0,NULL,NULL,NULL),(515,'rncwonen','2026-05-31 10:03:23','2026-05-31 10:03:25','ok',5,0,NULL,NULL,NULL),(516,'easyleasewonen','2026-05-31 10:03:25','2026-05-31 10:03:28','ok',1,0,NULL,NULL,NULL),(517,'gapph','2026-05-31 10:03:28','2026-05-31 10:03:30','ok',1,0,NULL,NULL,NULL),(518,'deleygraaf','2026-05-31 10:03:30','2026-05-31 10:03:33','ok',2,0,NULL,NULL,NULL),(519,'directwonen-oss','2026-05-31 15:00:00','2026-05-31 15:00:20','ok',7,0,NULL,NULL,NULL),(520,'directwonen-berghem','2026-05-31 15:00:20','2026-05-31 15:00:25','ok',7,0,NULL,NULL,NULL),(521,'krabben','2026-05-31 15:00:25','2026-05-31 15:00:27','ok',6,0,NULL,NULL,NULL),(522,'funda-oss','2026-05-31 15:00:27','2026-05-31 15:01:24','ok',0,0,NULL,NULL,NULL),(523,'funda-berghem','2026-05-31 15:01:24','2026-05-31 15:02:20','ok',0,0,NULL,NULL,NULL),(524,'funda-digimakelaars','2026-05-31 15:02:20','2026-05-31 15:03:17','ok',0,0,NULL,NULL,NULL),(525,'rncwonen','2026-05-31 15:03:17','2026-05-31 15:03:19','ok',5,0,NULL,NULL,NULL),(526,'easyleasewonen','2026-05-31 15:03:19','2026-05-31 15:03:26','ok',1,0,NULL,NULL,NULL),(527,'gapph','2026-05-31 15:03:26','2026-05-31 15:03:28','ok',1,0,NULL,NULL,NULL),(528,'deleygraaf','2026-05-31 15:03:28','2026-05-31 15:03:31','ok',2,0,NULL,NULL,NULL),(529,'directwonen-oss','2026-05-31 18:00:00','2026-05-31 18:00:13','ok',7,0,NULL,NULL,NULL),(530,'directwonen-berghem','2026-05-31 18:00:13','2026-05-31 18:00:24','ok',7,0,NULL,NULL,NULL),(531,'krabben','2026-05-31 18:00:24','2026-05-31 18:00:28','ok',6,0,NULL,NULL,NULL),(532,'funda-oss','2026-05-31 18:00:28','2026-05-31 18:01:25','ok',0,0,NULL,NULL,NULL),(533,'funda-berghem','2026-05-31 18:01:25','2026-05-31 18:02:21','ok',0,0,NULL,NULL,NULL),(534,'funda-digimakelaars','2026-05-31 18:02:21','2026-05-31 18:03:18','ok',0,0,NULL,NULL,NULL),(535,'rncwonen','2026-05-31 18:03:18','2026-05-31 18:03:21','ok',5,0,NULL,NULL,NULL),(536,'easyleasewonen','2026-05-31 18:03:21','2026-05-31 18:03:24','ok',1,0,NULL,NULL,NULL),(537,'gapph','2026-05-31 18:03:24','2026-05-31 18:03:25','ok',1,0,NULL,NULL,NULL),(538,'deleygraaf','2026-05-31 18:03:25','2026-05-31 18:03:28','ok',2,0,NULL,NULL,NULL),(539,'directwonen-oss','2026-06-02 07:20:28','2026-06-02 07:29:23','ok',7,0,NULL,NULL,NULL),(540,'directwonen-berghem','2026-06-02 07:29:23','2026-06-02 07:29:52','ok',7,0,NULL,NULL,NULL),(541,'krabben','2026-06-02 07:29:52','2026-06-02 07:30:17','ok',5,0,NULL,NULL,NULL),(542,'funda-oss','2026-06-02 07:30:17','2026-06-02 07:32:02','ok',0,0,NULL,NULL,NULL),(543,'funda-berghem','2026-06-02 07:32:02','2026-06-02 07:33:10','ok',0,0,NULL,NULL,NULL),(544,'funda-digimakelaars','2026-06-02 07:33:10','2026-06-02 07:34:17','ok',0,0,NULL,NULL,NULL),(545,'rncwonen','2026-06-02 07:34:17','2026-06-02 07:34:27','ok',4,0,NULL,NULL,NULL),(546,'easyleasewonen','2026-06-02 07:34:27','2026-06-02 07:34:40','ok',1,0,NULL,NULL,NULL),(547,'gapph','2026-06-02 07:34:40','2026-06-02 07:34:47','ok',1,0,NULL,NULL,NULL),(548,'deleygraaf','2026-06-02 07:34:47','2026-06-02 07:35:10','ok',2,0,NULL,NULL,NULL),(549,'directwonen-oss','2026-06-02 10:01:16','2026-06-02 10:01:28','failed',0,0,'Page.goto: net::ERR_INTERNET_DISCONNECTED at https://directwonen.nl/huurwoningen-huren/oss\nCall log:\n  - navigating to \"https://directwonen.nl/huurwoningen-huren/oss\", waiting until \"domcontentloaded\"\n',NULL,NULL),(550,'directwonen-berghem','2026-06-02 10:01:29','2026-06-02 10:01:30','failed',0,0,'Page.goto: net::ERR_INTERNET_DISCONNECTED at https://directwonen.nl/huurwoningen-huren/berghem\nCall log:\n  - navigating to \"https://directwonen.nl/huurwoningen-huren/berghem\", waiting until \"domcontentloaded\"\n',NULL,NULL),(551,'krabben','2026-06-02 10:01:30','2026-06-02 10:01:31','failed',0,0,'Page.goto: net::ERR_INTERNET_DISCONNECTED at https://www.krabben.nl/wonen/aanbod?price_type=rental&market%5B%5D=living&market%5B%5D=new-construction&search=Oss&search_type=city&distance=10&price_min=0\nCall log:\n  - navigating to \"https://www.krabben.nl/wonen/aanbod?price_type=rental&market%5B%5D=living&market%5B%5D=new-construction&search=Oss&search_type=city&distance=10&price_min=0\", waiting until \"domcontentloaded\"\n',NULL,NULL),(552,'funda-oss','2026-06-02 10:01:31','2026-06-02 10:01:34','failed',0,0,'Page.goto: net::ERR_INTERNET_DISCONNECTED at https://www.funda.nl/zoeken/huur/?selected_area=[%22oss%22]\nCall log:\n  - navigating to \"https://www.funda.nl/zoeken/huur/?selected_area=[%22oss%22]\", waiting until \"domcontentloaded\"\n',NULL,NULL),(553,'funda-berghem','2026-06-02 10:01:34','2026-06-02 10:01:35','failed',0,0,'Page.goto: net::ERR_INTERNET_DISCONNECTED at https://www.funda.nl/en/zoeken/huur/?selected_area=[%22berghem%22]\nCall log:\n  - navigating to \"https://www.funda.nl/en/zoeken/huur/?selected_area=[%22berghem%22]\", waiting until \"domcontentloaded\"\n',NULL,NULL),(554,'funda-digimakelaars','2026-06-02 10:01:35','2026-06-02 10:01:36','failed',0,0,'Page.goto: net::ERR_INTERNET_DISCONNECTED at https://www.funda.nl/makelaars/oss/11144-digimakelaarsnl-de-makelaar-van-nederland/woningaanbod/huur/gemeente-oss/+10km/\nCall log:\n  - navigating to \"https://www.funda.nl/makelaars/oss/11144-digimakelaarsnl-de-makelaar-van-nederland/woningaanbod/huur/gemeente-oss/+10km/\", waiting until \"domcontentloaded\"\n',NULL,NULL),(555,'rncwonen','2026-06-02 10:01:36','2026-06-02 10:01:37','failed',0,0,'Page.goto: net::ERR_INTERNET_DISCONNECTED at https://www.rncwonen.nl/aanbod?field_location_taxonomy_target_id%5B%5D=718&field_location_taxonomy_target_id%5B%5D=712&range=10&field_house_type_target_id=All&field_price_deci_value=5\nCall log:\n  - navigating to \"https://www.rncwonen.nl/aanbod?field_location_taxonomy_target_id%5B%5D=718&field_location_taxonomy_target_id%5B%5D=712&range=10&field_house_type_target_id=All&field_price_deci_value=5\", waiting until \"domcontentloaded\"\n',NULL,NULL),(556,'easyleasewonen','2026-06-02 10:01:38','2026-06-02 10:01:39','failed',0,0,'Page.goto: net::ERR_INTERNET_DISCONNECTED at https://www.easyleasewonen.nl/woning-aanbod?offer=rent&location=Oss&maxprice=1500\nCall log:\n  - navigating to \"https://www.easyleasewonen.nl/woning-aanbod?offer=rent&location=Oss&maxprice=1500\", waiting until \"domcontentloaded\"\n',NULL,NULL),(557,'gapph','2026-06-02 10:01:39','2026-06-02 10:01:39','failed',0,0,'Page.goto: net::ERR_INTERNET_DISCONNECTED at https://www.gapph.nl/woonruimte/zoeken?region_search=oss\nCall log:\n  - navigating to \"https://www.gapph.nl/woonruimte/zoeken?region_search=oss\", waiting until \"domcontentloaded\"\n',NULL,NULL),(558,'deleygraaf','2026-06-02 10:01:39','2026-06-02 10:01:40','failed',0,0,'Page.goto: net::ERR_INTERNET_DISCONNECTED at https://www.makelaardijdeleygraaf.nl/aanbod/woningaanbod/OSS/+10km/huur/\nCall log:\n  - navigating to \"https://www.makelaardijdeleygraaf.nl/aanbod/woningaanbod/OSS/+10km/huur/\", waiting until \"domcontentloaded\"\n',NULL,NULL),(559,'directwonen-oss','2026-06-02 15:03:08','2026-06-02 15:03:55','ok',7,0,NULL,NULL,NULL),(560,'directwonen-berghem','2026-06-02 15:03:55','2026-06-02 15:04:09','ok',7,0,NULL,NULL,NULL),(561,'krabben','2026-06-02 15:04:09','2026-06-02 15:04:19','ok',5,0,NULL,NULL,NULL),(562,'funda-oss','2026-06-02 15:04:19','2026-06-02 15:05:20','ok',0,0,NULL,NULL,NULL),(563,'funda-berghem','2026-06-02 15:05:20','2026-06-02 15:06:17','ok',0,0,NULL,NULL,NULL),(564,'funda-digimakelaars','2026-06-02 15:06:17','2026-06-02 15:07:14','ok',0,0,NULL,NULL,NULL),(565,'rncwonen','2026-06-02 15:07:14','2026-06-02 15:07:23','ok',4,1,NULL,NULL,NULL),(566,'easyleasewonen','2026-06-02 15:07:23','2026-06-02 15:07:27','ok',1,0,NULL,NULL,NULL),(567,'gapph','2026-06-02 15:07:27','2026-06-02 15:07:30','ok',1,0,NULL,NULL,NULL),(568,'deleygraaf','2026-06-02 15:07:30','2026-06-02 15:07:34','ok',2,0,NULL,NULL,NULL),(569,'directwonen-oss','2026-06-03 15:00:00','2026-06-03 15:00:39','ok',7,1,NULL,NULL,NULL),(570,'directwonen-berghem','2026-06-03 15:00:39','2026-06-03 15:00:44','ok',7,0,NULL,NULL,NULL),(571,'krabben','2026-06-03 15:00:44','2026-06-03 15:00:48','ok',5,0,NULL,NULL,NULL),(572,'funda-oss','2026-06-03 15:00:48','2026-06-03 15:01:45','ok',0,0,NULL,NULL,NULL),(573,'funda-berghem','2026-06-03 15:01:45','2026-06-03 15:02:41','ok',0,0,NULL,NULL,NULL),(574,'funda-digimakelaars','2026-06-03 15:02:41','2026-06-03 15:03:37','ok',0,0,NULL,NULL,NULL),(575,'rncwonen','2026-06-03 15:03:37','2026-06-03 15:03:40','ok',4,0,NULL,NULL,NULL),(576,'easyleasewonen','2026-06-03 15:03:40','2026-06-03 15:03:43','ok',1,0,NULL,NULL,NULL),(577,'gapph','2026-06-03 15:03:43','2026-06-03 15:03:44','ok',1,0,NULL,NULL,NULL),(578,'deleygraaf','2026-06-03 15:03:44','2026-06-03 15:03:47','ok',2,0,NULL,NULL,NULL),(579,'directwonen-oss','2026-06-03 20:40:21','2026-06-03 20:40:54','ok',7,0,NULL,NULL,NULL),(580,'directwonen-berghem','2026-06-03 20:40:54','2026-06-03 20:41:00','ok',7,0,NULL,NULL,NULL),(581,'krabben','2026-06-03 20:41:00','2026-06-03 20:41:01','failed',0,0,'Page.goto: net::ERR_NETWORK_CHANGED at https://www.krabben.nl/wonen/aanbod?price_type=rental&market%5B%5D=living&market%5B%5D=new-construction&search=Oss&search_type=city&distance=10&price_min=0\nCall log:\n  - navigating to \"https://www.krabben.nl/wonen/aanbod?price_type=rental&market%5B%5D=living&market%5B%5D=new-construction&search=Oss&search_type=city&distance=10&price_min=0\", waiting until \"domcontentloaded\"\n',NULL,NULL),(582,'funda-oss','2026-06-03 20:41:01','2026-06-03 20:41:57','ok',0,0,NULL,NULL,NULL),(583,'funda-berghem','2026-06-03 20:41:57','2026-06-03 20:42:54','ok',0,0,NULL,NULL,NULL),(584,'funda-digimakelaars','2026-06-03 20:42:54','2026-06-03 20:43:50','ok',0,0,NULL,NULL,NULL),(585,'rncwonen','2026-06-03 20:43:50','2026-06-03 20:43:52','ok',4,0,NULL,NULL,NULL),(586,'easyleasewonen','2026-06-03 20:43:52','2026-06-03 20:43:55','ok',1,0,NULL,NULL,NULL),(587,'gapph','2026-06-03 20:43:55','2026-06-03 20:43:57','ok',1,0,NULL,NULL,NULL),(588,'deleygraaf','2026-06-03 20:43:57','2026-06-03 20:43:59','ok',2,0,NULL,NULL,NULL),(589,'directwonen-oss','2026-06-03 21:02:39','2026-06-03 21:03:03','ok',7,0,NULL,NULL,NULL),(590,'directwonen-berghem','2026-06-03 21:03:03','2026-06-03 21:03:08','ok',7,0,NULL,NULL,NULL),(591,'krabben','2026-06-03 21:03:08','2026-06-03 21:03:10','ok',5,0,NULL,NULL,NULL),(592,'funda-oss','2026-06-03 21:03:10','2026-06-03 21:04:09','ok',0,0,NULL,NULL,NULL),(593,'funda-berghem','2026-06-03 21:04:09','2026-06-03 21:05:05','ok',0,0,NULL,NULL,NULL),(594,'funda-digimakelaars','2026-06-03 21:05:05','2026-06-03 21:06:00','ok',0,0,NULL,NULL,NULL),(595,'rncwonen','2026-06-03 21:06:00','2026-06-03 21:06:02','ok',4,0,NULL,NULL,NULL),(596,'easyleasewonen','2026-06-03 21:06:02','2026-06-03 21:06:05','ok',1,0,NULL,NULL,NULL),(597,'gapph','2026-06-03 21:06:05','2026-06-03 21:06:06','ok',1,0,NULL,NULL,NULL),(598,'deleygraaf','2026-06-03 21:06:06','2026-06-03 21:06:08','ok',2,0,NULL,NULL,NULL);
/*!40000 ALTER TABLE `scrape_runs` ENABLE KEYS */;
UNLOCK TABLES;

--
-- Table structure for table `settings`
--

DROP TABLE IF EXISTS `settings`;
/*!40101 SET @saved_cs_client     = @@character_set_client */;
/*!50503 SET character_set_client = utf8mb4 */;
CREATE TABLE `settings` (
  `id` int NOT NULL AUTO_INCREMENT,
  `max_price_cents` int NOT NULL DEFAULT '150000',
  `updated_at` datetime NOT NULL,
  PRIMARY KEY (`id`)
) ENGINE=InnoDB AUTO_INCREMENT=2 DEFAULT CHARSET=utf8mb4 COLLATE=utf8mb4_0900_ai_ci;
/*!40101 SET character_set_client = @saved_cs_client */;

--
-- Dumping data for table `settings`
--

LOCK TABLES `settings` WRITE;
/*!40000 ALTER TABLE `settings` DISABLE KEYS */;
INSERT INTO `settings` VALUES (1,150000,'2026-05-04 20:38:57');
/*!40000 ALTER TABLE `settings` ENABLE KEYS */;
UNLOCK TABLES;
/*!40103 SET TIME_ZONE=@OLD_TIME_ZONE */;

/*!40101 SET SQL_MODE=@OLD_SQL_MODE */;
/*!40014 SET FOREIGN_KEY_CHECKS=@OLD_FOREIGN_KEY_CHECKS */;
/*!40014 SET UNIQUE_CHECKS=@OLD_UNIQUE_CHECKS */;
/*!40101 SET CHARACTER_SET_CLIENT=@OLD_CHARACTER_SET_CLIENT */;
/*!40101 SET CHARACTER_SET_RESULTS=@OLD_CHARACTER_SET_RESULTS */;
/*!40101 SET COLLATION_CONNECTION=@OLD_COLLATION_CONNECTION */;
/*!40111 SET SQL_NOTES=@OLD_SQL_NOTES */;

-- Dump completed on 2026-06-04  0:19:02
